google-analytics.com	Google Inc.	US	11571952	11571778	2	2596	332	Analytics	Google
googlesyndication.com	Google Inc.	US	4331482	4306202	3914	40399	75	Advertising	Google
google.com	Google Inc.	US	4223810	3130181	1051507	532599	232362	#	Google
googleapis.com	Google Inc.	US	3085323	2601946	733	16591	813470	#	Google
facebook.com	Facebook, Inc.	US	2146944	344751	1683414	257448	4871	Advertising	Facebook
macromedia.com	Adobe Systems Incorporated	US	1986132	1983526	18	3231	31	#	Adobe
youtube.com	Google Inc.	US	1636507	246965	1391370	134445	25406	#	Google
adobe.com	Adobe Systems Incorporated	US	1590270	863144	627	798281	339	#	Adobe
facebook.net	Facebook, Inc.	US	1489655	1489613	3	27	126	Advertising	Facebook
twitter.com	Twitter, Inc.	US	1303965	1183107	140966	16357	5688	Advertising	Twitter
casalemedia.com	Casale Media	CA	1187780	1187293	678	522	1	Advertising	CasaleMedia
addthis.com	AddThis, Inc.	US	1147817	1122603	2018	345160	2806	Widget	AddThis
gravatar.com	Automattic, Inc.	US	1032762	281597	5	866456	65588	Widget	Automattic
gmpg.org	DNStination, Inc.	US	1025134	44	0	49	1025054	#	#
imgaft.com	#	#	925077	920758	0	917619	0	#	#
godaddy.com	Go Daddy Operating Company, LLC	US	867270	852142	5281	28622	36	Analytics,Advertising	#
statcounter.com	StatCounter	IE	690499	660280	21	649966	29	Analytics	StatCounter
wordpress.com	Automattic, Inc.	US	639237	495716	4048	254276	97306	#	#
paypal.com	PayPal Inc.	US	557386	7843	30	552197	741	#	#
twimg.com	Twitter, Inc.	US	550014	465588	7	95182	11784	ContentDelivery	Twitter
yahoo.com	Yahoo! Inc.	US	520557	161465	11519	382969	2746	#	Yahoo
yadro.ru	#	RU	501639	499623	61	34251	4	Analytics	LiveInternet
nuseek.com	#	#	455965	30346	1	454956	1	#	#
liveinternet.ru	#	RU	448250	445093	45	6572	904	Analytics	LiveInternet
quantserve.com	Quantcast	US	441606	427620	43	432561	49	Advertising	Quantcast
wp.me	Automattic, Inc.	#	431646	343	13	14	431506	LinkShortener	Automattic
dsnextgen.com	Rook Media AG	CH	428903	419295	9644	2	0	Malware	#
yimg.com	Yahoo! Inc.	US	422833	304263	2784	177214	55028	ContentDelivery	Yahoo
domdex.com	Magnetic Media Online, Inc.	US	420371	288827	132416	30	0	Beacon	Magnetic
blogspot.com	Google Inc.	US	388797	120171	14108	346320	101675	#	Google
fbcdn.net	Facebook, Inc.	US	380465	248285	41	139870	3310	ContentDelivery	Facebook
flickr.com	Yahoo! Inc.	US	375658	81242	20010	311531	13612	ImageHoster	Yahoo
vimeo.com	Vimeo, LLC	US	361741	23374	343268	2315	1543	#	Vimeo
yandex.ru	#	RU	343234	295875	1419	307014	1158	Advertising	Yandex
cnzz.com	#	CN	338864	338275	28	2200	4	Analytics	cnzz
eprize.com	HelloWorld	US	336235	336162	21	54	4	Beacon	HelloWorld
feedburner.com	Google Inc.	US	333407	53045	308	172235	142511	Advertising	Google
cloudfront.net	Amazon.com, Inc.	US	322265	281391	2923	66305	25221	ContentDelivery	Amazon
amazonaws.com	Amazon.com, Inc.	US	320767	85681	1712	259512	21810	ContentDelivery	Amazon
googleadservices.com	Google Inc.	US	305219	299968	282	177494	70	Advertising	Google
akamai.net	Akamai Technologies, inc.	US	298758	263052	55	44486	3417	ContentDelivery	Akamai
sharethis.com	#	US	287643	286502	705	4757	335	Widget	Sharethis Inc
photobucket.com	Photobucket, Inc.	US	286221	9752	430	281743	11856	ImageHoster	FoxInteractiveMedia
amazon.com	Amazon Technologies, Inc.	US	279858	60973	194039	65282	744	#	Amazon
blogger.com	Google Inc.	US	252281	198789	170293	132281	197314	ContentDelivery	Google
linkedin.com	LinkedIn Corporation	US	252039	196741	720	60212	531	#	LinkedIn
rambler.ru	#	RU	244486	162208	75	228956	54	Beacon	Rambler
demdex.net	Adobe Systems Incorporated	US	238485	238477	13	5	0	Beacon	Adobe
paypalobjects.com	PayPal Inc.	US	231791	840	8	231180	651	ContentDelivery	Ebay
baidu.com	Beijing Baidu Netcom Science Technology Co., Ltd.	CN	231513	216351	13299	19932	230	#	Baidu
w3.org	W3C	US	224272	18181	35	205143	2347	#	#
images-amazon.com	Amazon Technologies, Inc.	US	208473	6540	28	207741	2196	ContentDelivery	Amazon
gstatic.com	Google Inc.	US	206609	53006	28	155797	47868	Analytics	Google
mail.ru	#	RU	203646	174032	219	133302	80	Advertising	#
secureserver.net	Go Daddy Operating Company, LLC	US	203306	99935	77	110551	34127	#	#
jquery.com	JQUERY FOUNDATION	US	200127	196089	9	218	8728	ContentDelivery	#
qq.com	Shenzhen Tencent Computer Systems Company Limited	CN	198634	47171	5803	160427	299	#	#
51.la	#	CN	186319	182694	13	130956	1	Analytics	51la
imageshack.us	ImageShack Corp	US	183065	4930	436	179526	5234	#	#
sedoparking.com	Sedo GmbH	DE	173353	170472	2655	78598	28099	DomainParking	#
blogblog.com	Google Inc.	US	170683	159324	0	165957	52	ContentDelivery	Google
addtoany.com	#	US	168440	164913	130	27234	63	Widget	AddToAny
yahooapis.com	Yahoo! Inc.	US	161271	140103	226	190	37996	WebServices	Yahoo
googleusercontent.com	Google Inc.	US	160334	46623	16300	122544	10959	ContentDelivery	Google
recaptcha.net	Google Inc.	US	159022	158645	115633	1818	4	Captcha	Google
assoc-amazon.com	Amazon Technologies, Inc.	US	157130	59990	19	119329	1030	Advertising	Amazon
ytimg.com	Google Inc.	US	151374	8928	3	143219	3239	ContentDelivery	Google
scorecardresearch.com	TMRG, Inc	US	143515	136963	2	138542	20	Beacon	FullCircleStudies
ggpht.com	Google Inc.	US	142127	11096	21	140313	10398	ContentDelivery	Google
sitemeter.com	Site Meter Inc.	US	142114	122135	6	126093	12	Analytics	Site Meter
domainnamesales.com	NAME ADMINISTRATION INC. (BVI)	KY	136452	136450	0	2	0	DomainParking	#
tumblr.com	Tumblr, Inc.	US	136381	87375	77380	106464	76265	#	Yahoo
wikimedia.org	Wikimedia Foundation, Inc.	US	132553	1907	65	131315	2193	#	#
newrelic.com	New Relic	US	130213	130186	10	25	0	Analytics	New Relic
constantcontact.com	Constant Contact, Inc.	US	128119	2963	1670	124994	300	EmailMarketing	#
skype.com	Skype	IE	127352	92382	44	104396	119	#	#
disqus.com	Disqus, Inc.	US	126677	125914	57	629	10982	Widget	Disqus
stumbleupon.com	Stumbleupon Inc.	US	125347	114455	8405	3403	52	#	#
doubleclick.net	Google Inc.	US	118282	75367	26321	71606	242	Advertising	Google
aweber.com	AWEBER SYSTEMS, INC.	US	117536	84022	589	43786	148	Beacon	Aweber
google.de	#	#	116811	20262	92347	5541	210	#	Google
staticflickr.com	Yahoo! Inc.	US	116355	1482	11	115382	898	ContentDelivery	Yahoo
googlecode.com	Google Inc.	US	115733	112156	125	3139	2500	#	Google
piclens.com	Yahoo! Inc.	US	115239	115120	0	1642	4	#	#
histats.com	#	#	112652	44258	10	110093	9	Analytics	Histats
dsultra.com	Rook Media AG	CH	111915	111906	0	8	36	Advertising	Rook Media
google.co.uk	#	#	111058	20526	88387	3331	87	#	Google
ftjcfx.com	ValueClick	US	110818	1828	627	110045	227	Advertising	CommissionJunction
lduhtrp.net	ValueClick	US	110522	1792	472	109802	259	Beacon	ConversantMedia
tinypic.com	Photobucket, Inc.	US	110362	13597	54	99022	5353	ContentDelivery	#
extreme-dm.com	eXTReMe digital	NL	110302	72460	1	108071	1	Analytics	extreme digital
tqlkg.com	ValueClick	US	108858	2070	466	107924	239	Beacon	ConversantMedia
creativecommons.org	Creative Commons Corporation	US	107943	1453	30	103308	7913	#	#
purl.org	OCLC Online Computer Library Center, Inc	US	102290	260	1	402	101680	#	#
pinterest.com	DNStination Inc.	US	101412	71324	62	51628	226	#	#
wsimg.com	Go Daddy Operating Company, LLC	US	100687	95775	0	23813	27905	#	#
51yes.com	#	#	97361	97243	262	306	0	#	#
awltovhc.com	ValueClick	US	96526	1827	422	95665	222	Beacon	ConversantMedia
realtracker.com	Media Highway International BV	US	96167	96124	1	344	0	Analytics	Media Highway International
gmodules.com	Google Inc.	US	95861	83883	5799	7908	101	ContentDelivery	Google
wp.com	Automattic, Inc.	US	95476	92011	14	70593	91916	#	#
google.co.jp	#	#	94394	14364	78220	4782	76	#	Google
linksynergy.com	LinkShare Corporation	US	94328	7210	174	93077	224	Advertising	Rakuten
getclicky.com	Roxr Software Ltd	US	93808	85827	12	81599	34	Analytics	Clicky
digg.com	#	#	92796	86094	1086	7249	152	#	#
parallels.com	PARALLELS IP Holdings GmbH	CH	92707	92468	8	234	10	#	#
jquerytools.org	Flowzymes Ky	FI	90835	90751	0	4	172	ContentDelivery	#
microsoft.com	Microsoft Corporation	US	90649	62508	1877	28434	719	#	#
shinystat.com	#	IT	86155	78306	10	82729	3	Analytics	ShinyStat
wix.com	Wix.com, LTD.	IL	83857	80823	1469	41472	79785	WebsiteBuilder	Wix
toplist.cz	#	#	83567	55770	254	79617	5	#	#
wunderground.com	The Weather Channel, LLC	US	81511	1706	711	80065	127	#	#
homestead.com	Homestead Technologies, Inc.	US	80964	28275	11474	79351	73383	WebsiteBuilder	#
chango.com	Chango Inc.	CA	80942	80930	0	17	0	Beacon	Chango
typekit.com	Adobe Systems Incorporated	US	79892	79842	1	17	139	Widget	Adobe
wixpress.com	#	#	79139	79139	0	0	0	#	Wix
google.it	#	#	78206	14505	62984	1853	58	#	Google
ebaystatic.com	eBay Inc.	US	77458	990	16	77005	461	ContentDelivery	Ebay
apple.com	Apple Inc.	US	77335	49915	2854	26088	10069	#	Apple
flashquix.com	Wixpress Ltd.	US	76891	76891	2	0	0	ContentDelivery	Wix
editmysite.com	#	US	75346	75302	124	8135	75188	#	#
google.fr	#	#	74156	16750	56079	2397	211	#	Google
alexa.com	Alexa Internet	US	73519	61082	380	15557	74	#	#
mailchimp.com	ROCKET SCIENCE GROUP	US	72914	40858	12	9333	30590	#	#
tradedoubler.com	TradeDoubler AB	SE	72790	63614	3477	16946	103	Advertising	Tradedoubler
amung.us	whos.amung.us Inc	CA	72097	58726	43	15559	10	Widget	whos.amung.us
securepaynet.net	#	#	72065	69553	305	3660	1026	Payment	#
bluehost.com	BLUEHOST, INC	US	71583	39253	33	67269	57828	Hosting	#
xiti.com	applied technologies internet	FR	70045	47679	14	67435	12	Analytics	applied technologies
shareaholic.com	Shareaholic Inc	US	69662	69622	2	47	6	Advertising	Shareaholic
hotlog.ru	#	RU	69394	67699	2	66508	2	Analytics	#
gigya.com	#	US	67469	8541	12	59559	460	Beacon	Gigya
shinobi.jp	#	JP	67154	14997	121	61820	768	Analytics	Samurai Factory
a8.net	#	JP	66541	1314	52	66141	16	Advertising	A8
list.ru	#	RU	65231	49215	13	62902	2	Beacon	mail.ru
tweetmeme.com	MediaSift Limited	GB	62145	41016	18491	3650	42	Widget	fav.or.it.
google.es	#	#	62135	14191	46928	2230	71	#	Google
xrea.com	#	#	61993	47001	11713	59521	565	#	#
aspnetcdn.com	#	#	60118	60022	0	0	1469	ContentDelivery	Microsoft
weather.com	The Weather Channel, LLC	US	58358	52213	1275	6568	120	Weather	#
userapi.com	VKontakte Ltd	Russian Federation	57406	55286	0	2974	25	#	Vk
typepad.com	Typepad	US	56771	27009	4379	42497	15541	#	#
yousee.com	hangzhou puwang xinxjishu youxiangongsi	CN	54851	54394	463	0	0	#	#
bravenet.com	Bravenet Web Services	CA	54775	43144	665	20870	2719	WebsiteBuilder	#
geocities.com	Yahoo! Inc.	US	54521	11244	632	39791	8303	#	Yahoo
yandex.st	#	#	54409	54108	1	386	576	ContentDelivery	Yandex
wibiya.com	Modulat Patterns Ltd.	US	52981	52854	59	254	53	Toolbar	#
widgetserver.com	#	#	52889	52567	122	433	12	#	#
msn.com	Microsoft Corporation	US	52632	13716	8424	34451	868	#	Microsoft
github.com	GitHub, Inc.	US	51989	49582	174	1126	1858	#	#
2o7.net	Adobe Systems Incorporated	US	51278	4127	1	49767	3	Analytics	Adobe
rakuten.co.jp	#	#	49890	16218	3386	41262	134	#	Rakuten
zanox.com	ZANOX AG	DE	49741	14821	846	45492	141	Advertising	Zanox
live.com	Microsoft Corporation	US	49711	21796	9972	20325	252	#	Microsoft
chitika.net	Chitika, Inc.	US	49314	48344	96	1767	6	Advertising	Chitika
ebay.com	eBay Inc.	US	48642	38893	543	20184	377	#	Ebay
infolinks.com	Infolinks Inc.	US	48204	48176	7	39	2	Advertising	Infolinks
yimg.jp	#	#	47472	11028	24	38453	1147	ContentDelivery	Yahoo
jimdo.com	Jimdo GmbH	DE	46754	42327	44	45230	40982	WebsiteBuilder	#
appspot.com	Google Inc.	US	46235	24884	1626	6014	16838	#	Google
google.nl	#	#	45774	11060	34057	1113	37	#	Google
exelator.com	eXelate	US	45751	45730	13	11	0	Advertising	Nielsen
free.fr	#	#	45738	9520	1591	35661	3356	#	#
woopra.com	Woopra, Inc.	US	45661	45632	0	61	2	Analytics	Woopra
mongoosemetrics.com	#	US	45412	45405	1	6	0	Analytics	Mongoose Metrics
officelive.com	Microsoft Corporation	US	45125	43432	75	44338	114	#	Microsoft
linkwithin.com	#	US	45018	44325	0	43634	7	Widget	LinkWithin
webmasterplan.com	affilinet GmbH	DE	44768	22245	845	38546	95	Advertising	affilinet
thumbshots.org	1&1 Internet, Inc. - http://1and1.com/contact	US	44764	372	62	44406	22	Widget	Thumbshots
google.ca	#	#	44684	8624	35233	1249	47	#	Google
domainmarket.com	DOMAIN ASSET HOLDINGS, LLC	US	44211	1	22579	44210	271	DomainParking	#
weebly.com	#	US	44105	20623	20130	21706	12378	Advertising	weebly
freewebs.com	WEBS, INC.	US	43744	14834	448	29285	31953	WebsiteBuilder	#
bigmir.net	UNITED ONLINE VENTURES LIMITED	CY	43368	41377	275	27388	6	Beacon	United Online Ventures
amazon.de	#	#	43263	10435	35738	298	68	#	Amazon
dailymotion.com	#	#	43069	8293	32379	4617	464	#	#
technorati.com	Technorati	US	42688	15893	76	29283	169	Advertising	Technorati
icq.com	ICQ LLC	IL	42448	7901	64	35973	31	#	mail.ru
spylog.com	#	NL	42396	22384	1	37738	0	Analytics	openstat
officelivecontent.com	Microsoft Corporation	US	42150	140	0	9233	42130	#	#
gigcount.com	Gigya Inc.	US	41904	108	3	41846	170	#	#
feedjit.com	Feedjit Inc	US	41507	39534	30	2471	16	Analytics	Feedjit
bing.com	Microsoft Corporation	US	41505	28582	6517	6527	86	#	Microsoft
etracker.com	etracker GmbH	DE	41250	41017	1	31300	1	Analytics	etracker
vkontakte.ru	#	#	41175	32209	4354	7159	108	#	Vk
flagcounter.com	BOARDHOST.COM, INC.	US	41149	101	26	41083	16	Widget	Boardhost
cpi.ad.jp	#	#	41034	40857	0	177	0	#	#
accuweather.com	AccuWeather, Inc.	US	40772	35752	682	8673	35	Weather	#
bbb.org	Council of Better Business Bureaus	US	40768	11109	330	38568	32	#	#
imgur.com	#	#	40641	1150	262	39616	1023	#	#
pro-market.net	Datonics, LLC	US	40526	40394	140	9	0	#	#
stat24.com	Cyfrowy Polsat Spolka Akcyjna	PL	40219	39699	2143	1860	1	Analytics	Cyfrowy Polsat Spolka Akcyjna
shareasale.com	Shareasale.com	US	40175	2265	146	39267	124	Advertising	Shareasale
linezing.com	Taobao (China) Software Co., Ltd. (淘宝(中国)软件有限公司)	CN	39942	38409	1	35867	1	Analytics	Taobao
jscache.com	TripAdvisor LLC	US	39934	39931	0	3	2	Widget	TripAdvisor
wufoo.com	Infinity Box Inc.	US	39687	29692	12675	116	57	#	#
list-manage.com	MailChimp	US	39095	38203	469	479	72	EmailMarketing	MailChimp
jalbum.net	Jalbum AB	SE	38541	36772	1111	1193	22	#	#
liveperson.net	LivePerson, Inc.	UK	38399	34118	198	15082	37	#	#
yahoo.co.jp	#	#	38335	16934	697	22769	949	#	Yahoo
alphagodaddy.com	Go Daddy Operating Company, LLC	US	37984	33369	5025	1	0	#	#
polldaddy.com	Automattic, Inc.	US	37905	37505	507	158	18	Widget	Automattic
openstat.net	#	RU	37637	37538	0	197	1	Analytics	openstat
hopfeed.com	ClickBank	US	37602	37238	437	1	0	#	#
virtuozzo.com	Parallels Holdings Ltd	US	37518	37518	0	0	0	#	#
imrworldwide.com	The Nielsen Company	US	37154	35714	9	34986	6	Analytics	Nielsen
hostmonster.com	HOSTMONSTER, INC.	US	37084	31991	20	35013	30517	#	#
radikal.ru	#	#	37002	669	11	36727	439	ImageHoster	#
zemanta.com	Zemanta Inc.	US	36776	14343	1	36085	586	Beacon	Zemanta
skimresources.com	Skimbit Ltd	UK	36510	36504	0	7	1	Advertising	SkimLinks
google.com.au	#	#	36361	6910	28985	788	18	#	Google
mozilla.org	Mozilla Corporation	US	35961	12074	39	24202	218	#	#
virtualearth.net	Microsoft Corporation	US	35928	28322	807	6940	45	#	Microsoft
icio.us	AVOS Systems, Inc.	US	35756	30355	28	5653	179	#	Delicious
scanalert.com	McAfee Inc	US	35675	118	4	35601	11	#	McAfee
amazon.co.uk	#	#	35643	7487	30437	223	58	#	Amazon
superstats.com	Network Solutions LLC	US	35339	27300	13	34557	2	Analytics	Network Solutions
webs.com	WEBS, INC.	US	34966	18582	328	28753	13370	WebsiteBuilder	#
bbc.co.uk	#	#	34691	9261	2731	23933	644	#	#
edgesuite.net	Akamai Technologies, inc.	US	34384	10668	185	32732	9661	ContentDelivery	#
cdnpark.com	#	DE	34281	34256	0	191	34280	#	#
parkingcrew.net	#	DE	34260	34260	0	2	3	#	#
nedstatbasic.net	Motigo GmbH & Co KG	DE	34144	26743	4	31731	2	#	#
i.ua	#	#	34032	31389	5	4222	22	Advertising	i.ua
criteo.com	Criteo SA	FR	33895	33772	46	10220	4	Advertising	Criteo
aol.com	AOL Inc.	US	33737	21512	700	12155	320	#	#
bit.ly	#	#	33687	23926	896	5118	4216	LinkShortener	Bitly
clustrmaps.com	ClustrMaps Ltd	UK	33614	6451	14	33311	5	Analytics	ClustrMaps
starfieldtech.com	Go Daddy Operating Company, LLC	US	33577	33325	0	306	0	#	#
google.com.br	#	#	33458	6260	26753	937	55	#	Google
authorize.net	Authorize.Net LLC	US	32816	31379	10	1846	6	Payment	#
tq.cn	#	#	32767	32325	337	1141	8	#	#
fc2.com	#	#	32720	23198	1182	25651	685	Analytics	FC2
google.pl	#	#	32649	7734	24634	644	45	#	Google
sitemakerlive.com	Sitemaker Software Limited	GB	32223	32198	0	28	0	WebsiteBuilder	#
valuecommerce.com	ValueCommerce Co., Ltd.	JP	31975	946	21461	21683	6	Advertising	ValueCommerce
websimages.com	VISTAPRINT SCHWEIZ GMBH	CH	31930	31853	2	8404	30750	#	#
akamaihd.net	Akamai Technologies, inc.	US	31873	413	8	31299	613	ContentDelivery	Akamai
myspace.com	Myspace LLC	US	31819	25814	557	5763	1148	#	#
etracker.de	#	#	31785	12604	7	30707	5	Analytics	etracker
providesupport.com	#	US	31748	31222	57	7909	9	#	#
youtube-nocookie.com	Google Inc.	US	31402	5462	21932	4099	158	#	Google
yandex.net	#	RU	31178	12444	22	19798	88	#	Yandex
amazon.co.jp	#	#	31149	5863	28001	196	19	#	Amazon
webring.com	WebRing Inc.	US	31103	28015	23	4671	23	#	#
hosting24.com	Hostinger International Ltd.	CY	31008	30792	10	30848	2	#	#
zopim.com	ZOPIM TECHNOLOGIES PTE LTD	SG	30828	30811	1	138	3	Beacon	Hostinger
adbrite.com	Centro Media, Inc	US	30737	28467	95	14542	13	Advertising	Zopim Technologies
jiathis.com	Beijing Hua Da Shi Dai Tech Corp. Ltd.	CN	30644	30542	51	1370	91	#	#
scribd.com	#	#	30459	25534	9904	1227	65	#	#
google.ru	#	#	30438	17608	12758	619	27	#	Google
networkedblogs.com	#	#	30408	29339	39	23910	10	Widget	Ninua
web.com	Web.com Group, Inc.	US	30220	548	37	30007	47	WebsiteBuilder	web.com
ning.com	Mode Media Corp	US	30061	11561	192	27936	9774	#	#
myspacecdn.com	MySpace LLC	US	29773	1121	11	29290	938	ContentDelivery	MySpace
motigo.com	Motigo GmbH & Co KG	DE	29408	27885	261	28313	14	Analytics	Motigo
viglink.com	VigLink	US	29266	29188	1	560	2	Advertising	VigLink
reddit.com	Reddit Inc	US	29180	19344	6112	4234	93	#	#
me.com	Apple Inc.	US	28959	24229	816	9549	862	#	#
website-start.de	#	#	28911	28690	8	28827	28642	#	#
map24.com	NAVTEQ (DE) GmbH	DE	28820	872	14801	7709	6617	#	Nokia
assoc-amazon.de	#	#	28719	14716	4	18395	159	Advertising	Amazon
trafic.ro	#	#	28626	28390	0	27606	1	Analytics	trafic.ro
cloudflare.com	CloudFlare, Inc.	US	28535	28443	5	347	26	#	#
plista.com	plista GmbH	DE	28237	28214	39	20	0	Advertising	Plista
jotform.com	JotForm Inc	US	27752	21758	5879	2085	2145	FormBuilder	#
emailmeform.com	EMAILMEFORM LLC	US	27743	8411	1445	22615	6915	FormBuilder	#
i2i.jp	#	#	27529	24842	5	26012	2	Advertising	i2i
reverbnation.com	eMinor Inc	US	27471	1058	1401	26377	147	#	#
taobao.com	Zhejiang Taobao Network Limited (浙江淘宝网络有限公司)	CN	27071	7544	7392	13869	200	#	Taobao
verisign.com	VeriSign, Inc.	US	27064	25292	4	1982	12	#	#
prchecker.info	WEB5 SOLUTIONS INC.	DM	26917	58	3	26871	16	#	#
ebayimg.com	eBay Inc.	US	26901	478	1	26652	41	ContentDelivery	Ebay
revolvermaps.com	Daniel Seifert	DE	26871	23974	7	3463	4	Widget	Karma Implementor
assoc-amazon.jp	#	#	26748	8415	8	22225	18	Advertising	Amazon
t-online.de	#	#	26737	21827	478	16761	2932	#	Telekom
gmail.com	Google Inc.	US	26642	26564	18	61	10	#	Google
mapquest.com	AOL Inc.	US	26466	2807	11725	12415	35	#	AOL
53kf.com	jinhua Kuai Fu Technology Co.,Ltd	CN	26261	26114	91	468	1	#	#
icontact.com	iContact LLC	US	26195	23745	25	3085	36	EmailMarketing	#
kontera.com	Kontera Technologies	US	26160	23725	2	2676	21	Advertising	Kontera Technologies
soundcloud.com	SoundCloud Ltd.	DE	25983	2676	22868	900	151	#	#
4u.pl	#	#	25444	24849	0	25139	0	Analytics	stat4u
i2idata.com	QUEDOMAIN.COM	JP	25304	25154	0	20856	0	Advertising	i2i
slideshare.net	LinkedIn Corporation	US	25233	1005	21315	3867	113	#	#
topsy.com	Apple Inc.	US	25041	24972	1	73	11	#	#
weather.com.cn	#	#	25011	1341	23748	341	18	#	#
google.cn	#	#	24871	19454	3821	1780	24	#	Google
affiliate-b.com	FOR IT INC.	JP	24782	4374	83	24332	3	Advertising	For It
shinystat.it	#	#	24746	22942	2	19648	0	Analytics	ShinyStat
kundenserver.de	#	#	24674	21868	94	2777	29	#	#
amazingcounters.com	#	US	24645	48	5	24620	0	Widget	Amazing Counters
adultfriendfinder.com	Various, Inc.	US	24481	10553	15026	4639	60	Advertising	Various
dragndropbuilder.com	Endurance International Group - West, Inc.	US	24339	24296	3322	2411	24287	DomainParking	#
servimg.com	#	#	24321	826	26	24098	2756	#	#
wetter.com	wetter.com AG	DE	24312	12604	67	13960	2112	Weather	#
i2iserv.com	QUEDOMAIN.COM	JP	24185	24087	0	21691	0	#	#
moonfruit.com	Sitemaker Software Limited	GB	24125	23838	69	184	7891	WebsiteBuilder	#
posterous.com	Posterous	US	23724	13207	11879	21760	11868	#	#
compete.com	Compete Inc.	US	23703	15062	6	8765	37	Analytics	Compete
istockphoto.com	Getty Images (US), Inc.	US	23500	16068	20	7483	54	#	#
sakura.ne.jp	#	#	23495	8036	1335	19401	3960	#	#
dropbox.com	Dropbox, Inc.	US	23353	4317	639	18579	2665	#	#
nytimes.com	The New York Times Company	US	23280	4032	1590	19047	963	#	#
googletagservices.com	Google Inc.	US	23213	23213	0	0	10	Advertising	Google
ucoz.net	Compubyte Limited	VG	22904	21661	73	21669	21093	WebsiteBuilder	#
brightcove.com	Brightcove Inc.	US	22591	21422	914	686	660	#	#
geotrust.com	Symantec Corporation	US	22530	22116	3	586	1	#	#
digits.com	Crashlytics, Inc.	US	22523	91	0	22503	3	#	#
serifwebresources.com	Serif (Europe) Ltd	GB	22459	17213	5138	2480	2	#	#
gismeteo.ru	#	#	22332	13541	28	10009	538	Weather	#
livepages.de	#	#	22257	368	353	21773	2	WebsiteBuilder	Strato
blogcatalog.com	A&A Online 1st Class Vacation Rental Marketing, Inc.	US	22214	5362	5	18082	24	Widget	A & A Online
intuit.com	Intuit Inc.	US	22177	12050	2403	14364	11565	#	#
vimeocdn.com	Vimeo, LLC	US	22064	1865	0	20309	767	ContentDelivery	Vimeo
mybloglog.com	Yahoo! Inc.	US	22015	21236	3	1786	15	Analytics	Yahoo
yahoo.net	Yahoo! Inc.	US	22014	17850	131	11507	4251	#	Yahoo
dreamhost.com	A HAPPY DREAMHOST CUSTOMER	US	21969	2062	32	19941	5603	#	#
hatena.ne.jp	#	#	21898	7894	127	20061	177	Widget	Hatena
visistat.com	VisiStat, Inc.	US	21891	21882	2	21	2	Analytics	VisiStat
uol.com.br	#	#	21736	5410	5374	11224	1376	#	#
hostgator.com	HOSTGATOR	US	21730	3469	154	17426	1228	#	#
cbox.ws	#	#	21641	552	21349	84	25	#	#
website-hit-counters.com	#	#	21640	1372	0	20503	1	#	#
tynt.com	#	#	21613	21598	0	28	1	Beacon	33Across
clicktale.net	ClickTale Ltd	IL	21442	21441	0	1	1	Analytics	ClickTale
rackcdn.com	Rackspace US, Inc.	US	21431	9948	65	13786	6691	ContentDelivery	Rackspace
intuitwebsites.com	Intuit Inc.	US	21385	6961	4779	20525	19927	#	#
clocklink.com	PACIFIC SOFTWARE PUBLISHING, INC.	US	21358	21316	24	70	0	#	#
awin1.com	Digital Window Ltd	GB	21335	4969	3059	19311	41	Advertising	Digital Window
gmo.jp	#	#	21332	2169	19047	147	19176	#	#
hotkeys.com	#	#	21314	21303	2	10	0	Advertising	DemandMedia
rmgserving.com	#	#	21266	21263	0	1416	0	#	#
dedecms.com	DESDEV	CN	21242	21089	0	287	8	#	#
hitslink.com	#	US	21175	20901	8	6183	0	Analytics	Net Applications
timeanddate.com	Time and Date AS	NO	21042	245	20709	137	8	#	#
altavista.com	Yahoo! Inc.	US	20947	20526	71	482	43	#	#
accesstrade.net	#	#	20938	981	721	20334	14	Advertising	Interspace
hubspot.com	HUBSPOT INC.	US	20861	20109	49	2533	4861	Analytics	Hubspot
aport.ru	#	#	20784	14502	11	6521	126	#	#
alibaba.com	Hangzhou Alibaba Advertising Co., Ltd.(杭州阿里巴巴广告有限公司)	CN	20731	12787	2947	11869	10798	#	Alibaba
websitepros.com	Web.com Group, Inc.	US	20695	19587	17	11945	15455	WebsiteBuilder	web.com
yola.net	Yola, Inc.	US	20339	20339	0	0	0	WebsiteBuilder	#
begun.ru	#	#	20319	19657	3	1208	4	Advertising	Rambler
spylog.ru	#	#	20235	20222	2	15	1	Analytics	openstat
copyscape.com	#	GI	20164	80	4	20103	22	#	#
meta.ua	#	#	20079	12980	50	7362	376	#	#
assoc-amazon.co.uk	#	#	20031	7737	5	14659	100	Advertising	Amazon
affili.net	affilinet GmbH	DE	19743	74	1	19685	9	Advertising	Dentsu Aegis
llnwd.net	Limelight Networks	US	19689	7376	100	14795	2601	#	#
one.com	One.com	AE	19594	10315	20	9194	13023	#	#
zanox-affiliate.de	#	DE	19553	5127	1604	17822	129	Advertising	Zanox
snacktv.de	#	#	19539	19522	116	5	5	#	#
infotop.jp	#	#	19486	17752	83	11302	8	#	#
addfreestats.com	#	#	19358	19034	0	17993	0	#	#
namecheap.com	NAMECHEAP, INC	US	19275	17608	8	1674	2	DomainParking	#
sina.com.cn	#	#	19265	8538	6005	6346	180	#	#
over-blog.com	#	#	19186	10074	119	16850	473	#	#
livejournal.com	LiveJournal, Inc.	US	19064	5267	425	13196	1151	#	#
webrankinfo.com	Web Rank Expert SARL	FR	18977	116	0	18921	20	#	#
turner.com	Turner Broadcasting System, Inc.	US	18953	6549	95	13298	551	#	#
alamode.com	A LA MODE, INC.	US	18917	18889	2	834	5	#	#
slide.com	Google Inc.	US	18796	669	25	18364	129	#	#
contactme.com	Cargo Collective Inc	US	18729	16971	5303	49	808	#	#
cargocollective.com	WEBS, INC.	US	18729	397	16555	18171	5809	#	#
com.com	#	#	18676	2601	74	15835	1107	#	#
bfast.com	ValueClick	US	18665	2279	454	17625	4	Advertising	ConversantMedia
hotmail.com	Microsoft Corporation	US	18542	14796	12	3852	95	#	Microsoft
webtrendslive.com	WebTrends Inc	US	18510	6998	0	17048	1	#	#
onestat.com	OneStat International B.V.	NL	18466	17929	1	17590	1	Analytics	OneStat International
blip.tv	Blip Networks Inc.	US	18409	6751	9769	6383	424	#	#
ucoz.ru	#	#	18384	5590	146	16255	1975	Beacon	ucoz
gadu-gadu.pl	#	#	18379	1990	14	17094	11	#	#
etsy.com	Etsy Inc.	US	18377	11760	158	7346	206	#	#
blogcdn.com	AOL Inc.	US	18155	276	3	18031	196	ContentDelivery	Akamai
directnic.com	#	#	18087	6129	3	17603	1	#	#
chartbeat.com	Chartbeat	US	18070	18064	3	8	3	Analytics	Chartbeat
wikipedia.org	Wikimedia Foundation, Inc.	US	17984	11166	1799	4615	1263	#	#
lycos.com	Lycos, Inc	US	17834	11654	120	8324	804	#	#
ndoverdrive.net	#	#	17736	17734	0	17695	17734	#	#
ndoverdrive.com	#	DE	17734	17734	0	0	0	#	#
hotkeysparking.com	#	#	17555	17555	1	0	0	#	#
intensedebate.com	Automattic, Inc.	US	17477	17388	9	158	26	#	#
easycounter.com	#	#	17391	28	4	17375	2	Analytics	Easy Counter
mrsite.co.uk	#	#	17387	7008	924	17362	281	WebsiteBuilder	#
openx.org	OpenX Limited	US	17357	13848	3782	11421	12	Advertising	OpenX
google.ch	#	#	17339	5339	11463	639	13	#	Google
adjug.com	IgnitionOne, Inc.	US	17318	1406	17061	117	0	Advertising	ConversantMedia
afcyhf.com	ValueClick	US	17297	366	0	17051	30	Advertising	ConversantMedia
aliimg.com	Alibaba (China) Technology Co., Ltd. (阿里巴巴（中国）网络技术有限公司)	CN	17229	10808	1	9891	2876	#	Alibaba
wspisp.net	Web.com Group, Inc.	US	17208	17173	0	17166	0	#	#
delicious.com	#	#	17190	11535	54	5610	266	#	Delicious
atdmt.com	Facebook, Inc.	US	17182	9828	9223	6635	6	#	#
wpimg.com	#	#	17136	1	0	17135	16	DomainParking	#
livedoor.jp	#	#	17107	4164	208	15467	2720	#	#
wetteronline.de	#	#	17010	2931	13419	1505	9	Weather	#
aolcdn.com	AOL Inc.	US	16981	5478	52	10905	2040	ContentDelivery	AOL
webnode.com	Webnode CZ s.r.o.	CZ	16926	15661	2958	7964	13596	WebsiteBuilder	#
thefind.com	TheFind, Inc.	US	16915	15838	10	12505	5	#	#
bandcamp.com	Bandcamp, Inc.	US	16874	4081	11694	2296	186	#	#
andyhoppe.com	#	DE	16774	36	9	16753	0	Analytics	Andy Hoppe
livedoor.com	LINE Corporation	#	16761	9182	85	8699	2043	#	#
tut.by	#	#	16731	12497	12	4506	16	#	#
qksrv.net	ValueClick, Inc	US	16717	1004	48	16203	22	Advertising	ConversantMedia
livestream.com	Livestream, LLC	US	16700	4171	12938	351	66	#	#
voodoo.com	Voodoo.com	US	16666	16666	0	4020	4020	DomainParking	#
networksolutions.com	Network Solutions LLC	US	16278	11644	3541	1323	309	WebsiteBuilder	#
urlstats.com	#	#	16041	16041	0	0	0	Analytics	urlstats
alimama.cn	#	#	16015	13915	187	3151	38	#	#
web.de	#	#	15998	6514	37	9628	913	#	#
xing.com	XING AG	DE	15984	944	53	15165	117	#	#
gostats.com	#	CA	15959	13035	2	14896	0	Analytics	gostats
advertising.com	AOL Advertising Inc.	US	15943	13107	471	3117	0	Advertising	AOL
allposters.com	Art.com, Inc.	US	15926	313	4379	13528	79	#	#
squarespace.com	Squarespace Inc.	US	15870	1962	4793	9915	491	WebsiteBuilder	#
last.fm	#	#	15827	2132	33	13884	248	#	#
comm100.com	#	CA	15792	14858	365	13599	7077	Widget	#
jugem.jp	#	#	15709	8385	169	13139	11144	#	#
all.by	#	#	15699	11275	0	4644	1	#	#
google.be	#	#	15641	4897	10472	403	13	#	Google
lolipop.jp	#	#	15470	3130	165	12356	1323	#	#
deviantart.net	deviantART	US	15372	545	10	15054	587	#	#
odnoklassniki.ru	#	#	15274	14003	24	337	13662	#	#
goweb.de	#	#	15159	2789	68	14481	12	#	#
navrcholu.cz	#	#	15156	14215	0	13467	0	#	#
netdna-cdn.com	NetDNA, LLC.	US	15110	4825	14	12673	4847	#	#
ezinearticles.com	SparkNET Corporation	US	15097	3821	17	11815	116	#	#
st-hatena.com	HATENA CO.,LTD	JP	15080	14469	2	13624	20	Widget	Hatena
webgozar.ir	#	#	15062	15061	3	4	0	Analytics	Webgozar
paginegialle.it	#	#	15060	14826	47	14819	21	#	#
snap.com	#	#	15028	14336	88	1317	6	Widget	#
nigma.ru	#	#	15025	14870	2	187	3	#	#
jdoqocy.com	ValueClick	US	14969	14131	146	740	20	Advertising	ConversantMedia
superfeedr.com	#	FR	14864	9	0	6	14850	#	#
onlywire.com	#	#	14830	13258	4	1790	9	Analytics	#
tinyurl.com	TinyURL, LLC	US	14788	5291	676	7100	2561	LinkShortener	#
about.com	About, Inc.	US	14781	2863	160	11998	295	#	#
dpbolvw.net	ValueClick	US	14731	13593	485	746	21	Advertising	ConversantMedia
mixpanel.com	#	#	14684	14355	0	1231	2	Analytics	#
googlepages.com	Google Inc.	US	14659	3963	325	9955	1808	#	Google
addclips.org	#	#	14585	14540	0	2612	23	#	#
bloglines.com	Ask.com	US	14456	1987	10	12683	45	#	#
fwdservice.com	#	Switzerland	14444	14443	0	1	0	Advertising	#
taobaocdn.com	Alibaba Group Holding Limited	KY	14348	652	3	13961	335	ContentDelivery	Taobao
archive.org	Internet Archive	US	14314	6976	1056	6332	2241	#	#
weather.ca	#	#	14312	226	14004	140	5	#	#
microad.jp	#	#	14308	9184	4941	1287	1	Advertising	#
tkqlhce.com	ValueClick	US	14300	13382	225	960	36	Advertising	ConversantMedia
alisoft.com	Alibaba Cloud Computing Ltd. (阿里云计算有限公司)	CN	14260	4944	18	9508	1	#	#
online.ua	#	#	14169	10825	37	3405	2	#	#
dailymail.co.uk	#	#	14157	710	68	13565	205	#	#
booking.com	Booking.com B.V.	NL	14144	4681	7538	2175	1198	#	#
gde.ru	#	#	14127	11965	0	2225	0	#	#
google.at	#	#	14032	4860	9020	222	12	#	Google
kqzyfj.com	ValueClick	US	14006	13184	144	707	26	Advertising	ConversantMedia
shop-pro.jp	#	#	13999	911	73	13654	3335	#	#
climatempo.com.br	#	#	13982	198	13538	406	8	#	#
weibo.com	Beijing Weibo Internet Technology Co., Ltd.	CN	13820	3070	11318	72	7	#	#
indeed.com	Indeed, Inc	US	13808	12205	82	7103	31	#	#
myregisteredsite.com	Registeredsite Internet Services	US	13795	12874	15	1122	54	#	#
trafficfacts.com	Go Daddy Operating Company, LLC	US	13694	13550	0	10732	4	#	#
twittercounter.com	#	#	13678	11676	6	2209	4	Analytics	#
pagesjaunes.fr	#	#	13677	13385	11376	13242	22	#	#
cpxinteractive.com	#	#	13670	12333	1821	33	0	Advertising	#
ilmeteo.it	#	#	13644	274	11915	2126	10	#	#
gogo.ru	#	#	13630	13613	1	56	0	#	mail.ru
ooyala.com	Ooyala	US	13545	13255	8	475	79	Analytics	#
cafepress.com	CafePress Inc.	US	13531	3121	1114	10027	450	#	#
ukr.net	#	US	13499	13159	111	719	3	#	#
heartrails.com	HEARTRAILS INC.	JP	13458	721	1	12828	14	#	#
statistics.ro	#	#	13451	12931	0	12927	0	Analytics	wta
anrdoezrs.net	ValueClick	US	13421	12679	193	587	21	Advertising	ConversantMedia
blueboard.cz	#	#	13406	9918	5388	310	11	#	#
fling.com	#	#	13325	4777	8747	2723	18	#	#
go.com	Disney Enterprises, Inc.	US	13255	5544	1497	7258	431	#	#
cnn.com	Turner Broadcasting System, Inc.	US	13227	8758	1328	3713	323	#	#
glam.com	Mode Media Corp	US	13210	12681	182	646	10	#	#
book.net	#	US	13199	13198	0	1	0	#	#
tter.com	Go Daddy	US	13197	13197	0	0	0	#	#
zjaic.gov.cn	#	#	13092	13019	1	92	0	#	#
co.cc	sponsoring registrar. Users may consult the sponsoring registrar's	Korea, Republic of (South Korea)	12971	4636	1339	7680	481	#	#
km.ru	#	#	12964	12133	17	873	6	#	#
poisk.ru	#	#	12954	12934	0	26	0	#	#
b5z.net	EZOT, INC	US	12950	10319	53	12621	10440	#	#
overture.com	Yahoo! Inc.	US	12899	12602	47	304	1	Advertising	Yahoo
webalta.ru	#	#	12882	12832	0	64	0	#	#
google.co.in	Google Inc.	US	12864	3547	8948	561	27	#	Google
deviantart.com	deviantART	US	12854	1587	142	11324	234	#	#
illiweb.com	exotikweb	France	12849	11052	0	12512	7275	#	#
zoosnet.net	Liu Zhiyong	CN	12848	12769	106	107	3	#	#
webmasterpro.de	#	#	12669	12486	1	10645	0	#	#
geovisite.com	idealpes sarl	FR	12647	11205	3	11841	2	Analytics	idealpes sarl
sourceforge.net	Dice Holdings, Inc.	US	12590	1724	147	10668	711	#	#
printfriendly.com	#	US	12565	10632	1	10631	1112	#	#
awempire.com	DuoDecad IT Services Luxembourg S.a r.l.	LU	12548	7050	2841	6930	77	Advertising	DuoDecad
rbc.ru	#	#	12534	9000	30	5386	23	#	#
mixi.jp	#	#	12529	10059	2499	1337	27	Widget	#
ustream.tv	Ustream	US	12469	1288	10830	554	150	#	#
tripadvisor.com	TripAdvisor LLC	US	12432	4809	701	8430	64	#	#
tyxo.bg	#	#	12393	12077	1	11785	0	#	#
moba8.net	#	JP	12386	2	0	12379	21	#	#
zimbio.com	Zimbio, Inc.	US	12344	543	16	11827	68	#	#
cetrk.com	#	#	12329	12328	0	1	0	Analytics	CrazyEgg
statefarm.com	State Farm Mutual Automobile Insurance Company	US	12325	12223	12	12071	11856	#	#
go2web20.net	#	IL	12310	12253	5	57	6	#	#
point2.com	YARDI SYSTEMS, INC.	CA	12303	6408	827	12182	31	#	#
clickbank.net	ClickBank	US	12299	8667	1796	2188	138	Advertising	ClickBank
e-junkie.com	#	#	12247	7388	41	9288	61	Widget	#
nazwa.pl	#	#	12246	8520	205	11415	8260	#	#
eventbrite.com	Eventbrite, Inc.	US	12181	985	7076	5993	163	#	#
hit.ua	#	#	12170	12012	1	10258	3	#	#
home.pl	#	#	12103	6959	416	10732	747	#	#
ask.com	Ask.com	US	12093	9397	48	2778	49	#	#
thecounter.com	QuinStreet Inc.	US	12071	11246	0	10536	0	#	#
bidvertiser.com	BPATH LTD	IL	12056	11803	115	380	26	Advertising	Bpath
submitexpress.com	Submit Express, Inc.	US	12033	56	12	11984	5	#	#
mirusresearch.com	Mirus Research Inc.	US	12009	11979	0	32	2	#	#
nrelate.com	nRelate LLC	US	12003	10747	1	1185	11674	Widget	nRelate
shopserve.jp	#	#	11983	10907	130	9779	4680	#	#
st8fm.com	State Farm Mutual Automobile Insurance Company	US	11976	11975	0	11976	11975	#	#
tripod.com	Lycos, Inc	US	11973	4096	273	8905	325	#	#
juicyads.com	#	#	11953	5254	9661	431	0	Advertising	#
bloglovin.com	BLOGLOVIN AB	SE	11922	340	84	11737	19	#	#
rackspacecloud.com	Rackspace US, Inc.	US	11916	3875	16	10477	802	#	Rackspace
hitbox.com	Adobe Systems Incorporated	US	11912	9570	247	6969	1	Analytics	Adobe
dynamicdrive.com	#	#	11890	11324	34	586	56	#	#
jimdo-stats.com	#	#	11888	0	0	11888	0	#	#
telegraph.co.uk	#	#	11813	1582	107	10313	198	#	#
narod.ru	#	#	11803	1433	391	10263	337	#	#
issuu.com	Issuu ApS	DK	11777	6223	3802	2050	188	#	#
thawte.com	Symantec Corporation	US	11743	11571	0	349	5	#	#
shopify.com	Shopify Inc.	CA	11713	8967	10	11539	8848	Beacon	Shopify
sinaimg.cn	#	#	11687	1094	5	11068	56	#	Sina
qip.ru	#	#	11682	10240	42	1506	22	#	#
timeinc.net	Time Inc.	US	11663	327	12	11453	204	#	#
smugmug.com	SmugMug, Inc.	US	11623	1583	916	10123	1021	#	#
olark.com	OLARK DOMAINS (FORMERLY NETHERNIC)	US	11582	11514	5	306	8	Widget	Olark
fbshare.me	Unified Social	#	11554	9946	1651	3	0	Widget	Unified Social
gemius.pl	Dealer Dot Com, Inc.	US	11524	10529	67	11436	10477	Analytics	Dealer.com
dealer.com	#	#	11524	11296	27	607	19	Advertising	#
fonts.com	Monotype Imaging, Inc.	US	11477	6036	1	203	5643	#	#
quintura.ru	#	#	11449	11442	0	9	0	#	#
54kefu.net	zhitai guo	CN	11428	11421	0	23	13	#	#
sitelock.com	#	#	11413	11127	1	9068	27	#	#
socialtwist.com	SiteLock	US	11413	5253	1	11319	0	Beacon	#
google.cz	#	#	11408	2693	8587	274	7	#	Google
websnapr.com	construktiv GmbH	DE	11388	3609	7	8037	11	#	#
comodo.net	Comodo Group, Inc.	US	11350	11347	6	1	0	#	Comodo
rssinclude.com	#	#	11348	10417	1051	12	0	Widget	#
newsgator.com	Sitrion, Inc.	US	11266	2244	2	9120	32	#	#
scene7.com	Adobe Systems Incorporated	US	11228	867	91	10864	184	#	Adobe
wordpress.org	DNStination, Inc.	US	11201	2028	27	8918	322	#	#
twitpic.com	Twitpic Inc	US	11145	3606	20	7792	121	#	#
sitezoogle.com	#	#	11134	11030	1	7363	10611	WebsiteBuilder	#
bing.net	Microsoft Corporation	US	11118	904	0	10249	45	#	Microsoft
gnu.org	Free Software Foundation	US	11111	330	20	825	10016	#	#
kmindex.ru	#	#	11100	10939	1	1101	0	#	#
template-help.com	#	#	11096	9855	304	937	507	#	#
quickblogcast.com	Go Daddy Operating Company, LLC	US	11074	1129	0	9399	8841	#	#
boldchat.com	LogMeIn, Inc.	US	11036	8961	23	9276	2	Widget	LogMeIn
guim.co.uk	#	#	11001	407	90	10675	179	#	#
cc-dt.com	Google Inc.	US	10925	1062	15	9945	29	#	#
intellitxt.com	Vibrant Media Limited	GB	10901	7711	9	3563	65	Advertising	VibrantMedia
cafe24.com	Simplex Internet, INC.	KR	10898	9005	379	5390	241	#	#
cdn-image.com	#	#	10850	10738	0	7843	1652	#	#
daum.net	#	#	10843	9074	802	2479	76	#	#
akavita.by	#	#	10831	10826	0	11	0	Advertising	#
mortgage101.com	Internet Brands Inc.	US	10813	9298	2182	88	7	#	#
search.ua	#	#	10781	10781	0	1	0	#	#
appraiserxsites.com	A LA MODE, INC.	US	10759	10749	4	21	5	#	#
fastpic.ru	#	#	10747	115	1	10689	37	#	#
mac.com	Apple Inc.	US	10728	3313	412	7030	668	#	Apple
uservoice.com	#	#	10706	10626	51	542	514	Widget	#
reinvigorate.net	#	US	10668	10660	0	12	4	Analytics	MediaTemple
trustlogo.com	Comodo Group, Inc.	US	10660	10645	17	19	0	#	Comodo
adtech.de	#	#	10657	9104	778	8154	7	Advertising	AOL
z5x.net	#	#	10638	10356	2959	4	0	Advertising	DSNR Media Group
fastclick.net	Conversant, Inc.	US	10636	9112	580	8552	1	Advertising	ConversantMedia
cmsvoteup.com	#	SG	10625	60	0	10573	5	#	#
qksz.net	ValueClick	US	10623	10622	0	1	0	Advertising	ConversantMedia
opera.com	Opera Software ASA	NO	10606	4502	49	3495	2788	#	#
freelogs.com	FREELOGS.COM	US	10596	8196	0	10344	2	Widget	Freelogs
ssl-images-amazon.com	Amazon Technologies, Inc.	US	10578	2892	46	7780	109	ContentDelivery	Amazon
search.com.ua	#	#	10550	10539	0	12	0	#	#
odnaknopka.ru	#	#	10530	10308	0	288	0	#	#
google.se	#	#	10523	4865	5409	314	14	#	Google
flashvortex.com	#	#	10480	10459	9	46	4	#	#
4.cn	#	#	10442	21	0	10422	0	#	#
web-stat.com	#	US	10417	9885	3	9569	0	Analytics	#
biblegateway.com	The Zondervan Corporation L.L.C	US	10409	8008	3636	2902	43	#	#
infoseek.co.jp	#	#	10400	10336	2	427	3	#	#
a.ua	#	#	10400	6256	105	9045	121	#	#
webstats4u.com	Motigo GmbH & Co KG	DE	10370	8738	1	9504	0	#	#
goodreads.com	Goodreads, Inc	US	10352	3887	452	9365	65	#	#
oxide.com	#	VG	10350	10350	0	0	0	#	#
etargetnet.com	#	#	10337	9984	49	352	1	Advertising	#
adroll.com	eTarget	SK	10337	10308	6	32	0	Advertising	eTarget
noaa.gov	#	#	10269	1644	1555	8018	87	#	#
yieldmanager.com	Yahoo! Inc.	US	10265	4159	3178	3274	9	Advertising	Yahoo
affiliatefuture.com	#	#	10245	473	73	9964	68	Advertising	Yahoo
test.pl	#	GB	10245	10244	0	0	1	#	#
test.py	#	#	10240	10240	0	0	0	#	#
wn.com	#	US	10232	8174	7561	10057	7996	#	#
linksalpha.com	LinksAlpha India Pvt. Ltd.	IN	10227	1268	9001	3	0	Widget	LinksAlpha
weborama.fr	#	#	10212	9231	90	1562	3	Advertising	#
estara.com	Oracle Corporation	US	10171	10087	47	289	1	#	#
nasa.gov	#	#	10148	1465	400	8747	106	#	#
zillow.com	Zillow, Inc.	US	10133	487	6926	7634	29	#	#
linkexchange.com	Microsoft Corporation	US	10131	92	4440	9739	1	Advertising	Microsoft
appgadgets.com	#	US	10130	10121	24	17	17	#	#
islive.nl	#	#	10105	4225	5817	3959	1247	#	#
ranking-hits.de	#	#	10029	31	1	10010	0	Analytics	#
comcast.net	Corporation Service Company	US	10016	5140	123	4718	288	#	#
worldsoft-cms.info	Worldsoft SA	CH	10012	9717	10	9988	9691	#	#
geocities.jp	#	#	9992	998	317	8987	382	#	Yahoo
sohu.com	MoodyMu	CN	9978	5813	483	4320	69	Widget	#
bizrate-images.com	Bizrate.com	US	9914	13	0	9909	6	#	#
superpages.com	SuperMedia LLC	US	9862	7433	2416	3887	24	#	#
netvibes.com	Dassault Systemes UK Ltd	GB	9860	2498	171	7376	229	Analytics	Dassault
nifty.com	#	JP	9854	1791	259	8377	192	#	#
example.com	#	#	9849	7293	26	244	2369	#	#
businesscatalyst.com	Adobe Systems Incorporated	US	9829	8740	22	1154	386	WebsiteBuilder	Adobe
bandzoogle.com	SITEZOOGLE.COM	US	9796	354	22	9717	3177	WebsiteBuilder	#
flattr.com	FLATTR AB	SE	9778	8138	114	3519	130	Widget	Flattr
getresponse.com	GetResponse sp. z o.o.	PL	9753	9142	17	738	45	#	#
163.com	Netease	CN	9739	5844	679	3693	245	#	#
daylife.com	#	#	9691	225	5	9516	151	#	#
zcache.com	Zazzle.com, Inc.	US	9676	86	0	9626	88	#	#
zenfolio.com	Dyn Inc	US	9649	8271	555	931	73	#	#
bcentral.com	Microsoft Corporation	US	9602	610	29	9467	7	#	#
kaywa.com	KAYWA AG	CH	9565	223	11	9366	29	#	#
opengraphprotocol.org	Facebook, Inc.	US	9550	9514	0	4	33	#	#
sayyac.net	Sayyac.com	TR	9543	9471	0	9231	0	Analytics	Sayyac
mycounter.ua	#	#	9542	9253	0	9251	1	Analytics	#
youtu.be	#	#	9541	8712	326	400	223	LinkShortener	Google
google.dk	#	#	9538	4911	4481	204	7	#	Google
digitalstage.jp	#	#	9531	9507	0	63	9486	#	#
pbs.org	Public Broadcasting Service	US	9515	6157	649	3113	219	#	#
nakanohito.jp	#	#	9507	7503	1	5240	0	Analytics	User Local
wanadoo.fr	#	#	9497	3892	176	3262	2421	#	#
over-blog.net	JFG NETWORKS	FR	9450	8739	7	7209	8619	#	#
webtraxs.com	Thomas Industrial Network	US	9443	5964	0	8929	0	Analytics	ThomasNet WebSolutions 
webshots.com	Threefold Photos, Inc.	US	9418	498	38	8988	61	#	#
hit-parade.com	#	FR	9390	64	28	9355	2	#	#
validclick.com	Inuvo	US	9361	9360	0	1	0	Advertising	Inuvo
sv2.biz	#	#	9331	4025	1683	6627	3	#	#
list-manage1.com	MailChimp	US	9301	9199	89	10	6	#	#
serving-sys.com	Sizmek Technologies Inc.	US	9282	6734	57	4704	8	#	#
panoramio.com	Google Inc.	US	9235	5017	1210	3522	26	#	#
metaffiliation.com	c2b s.a.	FR	9220	2356	1538	7746	55	Advertising	Net Affiliation
imgfast.net	#	#	9218	1400	1	9091	262	#	#
flowplayer.org	Flowzymes Ky	FI	9190	6402	2	1677	1714	#	#
myshopify.com	Shopify Inc.	CA	9171	9076	60	74	101	Beacon	Shopify
blogtopsites.com	#	#	9167	118	0	9138	4	#	#
bstatic.com	Booking.com B.V.	NL	9158	2900	448	7248	1611	#	#
apture.com	Google Inc.	US	9141	8734	3	1131	27	Widget	Google
realtytimes.com	Jody Lane	US	9129	7942	1064	305	17	#	#
altervista.org	Banzai Media S.R.L.	IT	9100	1872	992	6120	1022	WebsiteBuilder	#
bloggerei.de	#	#	9097	38	0	9059	4	#	#
gametracker.com	Clan Servers Hosting, LLC	US	9071	70	4136	6443	30	#	#
angieslist.com	#	US	9069	4483	11	5453	4	#	#
blogmura.com	#	#	9050	41	0	9034	29	#	#
cdbaby.name	murauchi.com Corporation	JP	9050	156	25	8969	4	#	#
nic.tel	Telnic Ltd.	UK	9036	9032	0	6144	9032	#	#
google.fi	#	#	9031	4093	4866	120	6	#	Google
imlive.com	#	#	9012	2821	6579	1556	15	#	#
mikle.com	#	#	9007	8989	23	19	3	Widget	#
ec-images.com	CHATWORK INC	JP	8985	7	0	8982	0	#	#
adriver.ru	#	#	8970	8466	886	5100	5	Advertising	#
livefilestore.com	Microsoft Corporation	US	8964	291	10	8561	436	#	#
alternate-ad-url.com	#	#	8938	8938	0	0	0	#	#
webnode.cz	#	#	8904	6447	18	4650	698	#	#
research-artisan.com	WEB ARTISAN	JP	8877	8438	0	8807	0	#	#
justhost.com	JUSTHOST.COM	US	8870	6534	17	2368	6367	#	#
onlinephotofiler.com	Go Daddy Operating Company, LLC	US	8865	7640	674	4218	139	#	#
amazon.fr	#	#	8828	1983	7461	79	19	#	Amazon
instagram.com	Instagram LLC.	US	8812	459	1	8408	45	#	#
smart-c.jp	#	#	8803	3	0	8800	0	#	#
hotelscombined.com	HotelsCombined Pty Ltd	AU	8742	2861	3344	4703	581	#	#
buy.com	Buy.com	US	8717	734	22	8265	64	#	Rakuten
wired.com	Conde Nast Publications Inc.	US	8705	945	111	7765	176	#	#
feed2js.org	#	#	8697	8684	0	52	4	Widget	#
register.com	#	US	8674	7641	11	6771	20	#	#
wishpot.com	Register.Com, Inc.	US	8674	8512	1982	176	3	#	#
mzstatic.com	Apple Inc.	US	8660	130	0	8601	96	#	Apple
buzzurl.jp	#	#	8590	5022	0	8444	4	#	#
myareaguide.com	Local Guides	US	8581	8543	14	7001	8	#	#
iperceptions.com	iPerceptions INC	CA	8579	8570	0	21	4	Analytics	iPerceptions
searchdiscovered.com	#	#	8551	4202	4411	4	0	#	#
salesforce.com	Salesforce, Inc	US	8518	7433	564	693	52	Beacon	Salesforce
city.name	#	#	8506	8506	0	0	0	#	#
localcities.com	#	US	8505	3	0	8502	0	#	#
state.name	#	#	8504	8504	0	0	0	#	#
washingtonpost.com	WP Company LLC	US	8490	2416	1078	5627	386	#	#
clearspring.com	Clearspring Technologies, Inc	US	8482	8268	192	29	19	Widget	AddThis
addme.com	Trellian	AU	8469	704	199	7862	11	#	#
latimes.com	Tribune Publishing Company, LLC	US	8464	1412	309	7108	304	#	#
blogs.com	SAY Media, Inc	US	8458	673	32	7803	639	#	#
hostingprod.com	Yahoo! Inc.	US	8443	7093	73	1605	522	#	#
volusion.com	#	#	8427	8225	3	192	128	#	#
astroaid.com	#	#	8418	8418	0	0	0	#	#
zedo.com	roy de souza	US	8416	7066	1504	459	15	Advertising	#
mypagerank.net	#	#	8405	862	0	8114	2	Analytics	#
ipicture.ru	#	#	8402	117	0	8346	55	#	#
ademails.com	Accion Internacional de ayuda academica SLL	#	8369	7767	2	7759	0	#	#
eflorist.com	Teleflora LLC	US	8368	8366	0	27	0	WebsiteBuilder	#
teleflora.com	Teleflora LLC	US	8343	120	1	8303	7	#	#
blogtoplist.com	FEWORKS LTD UK FILIAL	SE	8339	15	0	8329	4	Analytics	Feworks
ybsitecenter.com	Yellow Book USA, Inc.	US	8322	8119	0	7981	6819	#	#
snoobi.com	SnooBI Oy	FI	8321	8321	1	12	1	Analytics	Snoobi Oy
examiner.com	AXS Digital Media Group, LLC	#	8302	595	47	7712	197	#	#
prweb.com	priceline.com LLC	US	8295	646	37	7599	117	Analytics	priceline.com
priceline.com	Cision US, Inc.	US	8295	251	3	8053	11	#	#
ivwbox.de	#	#	8281	7706	2	7405	0	Analytics	INFOline
sexmoney.com	Cyberservices B.V.	NL	8273	4125	1989	6363	25	#	#
information.com	#	#	8269	2533	6946	2	0	#	#
united-domains.de	#	#	8266	406	1	8242	0	#	#
1and1.com	1&1 Internet Inc.	US	8253	157	40	8068	15	#	#
swcs.jp	#	#	8249	8249	0	0	0	#	#
google.co.nz	#	#	8242	678	7485	136	6	#	Google
feedsportal.com	Mediafed Ltd	GB	8239	483	41	7596	199	Widget	Mediafed
weddingwire.com	WeddingWire Inc	US	8215	4679	12	7533	564	#	#
cdbaby.com	Audio and Video Labs, Inc.	US	8193	591	4301	3587	18	#	#
hittail.com	The Numa Group, LLC	#	8176	8162	1	69	1	Beacon	Numa Group
dreamstime.com	#	#	8163	453	4	7949	185	ImageHoster	#
aebn.net	WMM HOLDINGS, LLC	US	8159	1395	3141	6025	1084	#	#
targetedtopic.com	#	AU	8156	0	8156	0	0	#	#
dmi.gov.tr	#	#	8148	797	219	7881	7	Weather	#
meilleurduweb.com	#	FR	8143	28	1	8128	0	#	#
hellobar.com	Crazy Egg, Inc.	#	8141	8137	0	2	2	Widget	CrazyEgg
shoutmix.com	Tan Wei Heng	MY	8128	75	8052	87	3	Widget	Tan Wei Heng
outbrain.com	Outbrain	US	8123	8082	0	45	44	Widget	Outbrain
register.it	#	#	8118	7681	11	285	235	Hosting	#
imagehost.org	#	PA	8115	305	3	7853	163	ImageHoster	#
xsrv.jp	#	#	8113	3676	189	7161	445	#	#
j-a-net.jp	#	#	8100	109	406	7973	1	#	#
kickstarter.com	Kickstarter	#	8083	355	6746	1250	35	#	#
goodsearch.com	#	US	8062	2258	7	7583	1558	#	#
revsci.net	AudienceScience Inc.	US	8057	7573	2	801	0	#	#
weatherforyou.net	WeatherForYou.com LLC	US	8038	51	8	7992	0	Weather	#
zenfolio.net	Dyn Inc	US	8034	8022	0	18	8021	WebsiteBuilder	#
nocookie.net	#	#	8031	96	0	7910	225	#	#
naver.com	NAVER Corp.	KR	8025	4059	567	2922	1328	#	#
travelnow.com	Hotels.com, LP	US	8004	2322	457	6377	40	#	#
xkcd.com	#	#	7989	274	13	7740	110	#	#
opp-m.com	SELF	US	7980	4229	0	6663	1	#	#
foxnews.com	Fox News Network, LLC	US	7944	3794	232	4249	112	#	#
webme.com	webme GmbH	DE	7920	674	116	7675	1113	WebsiteBuilder	#
jumpcb.com	#	#	7918	11	0	7907	0	#	#
otherpeoplespixels.com	SELF	US	7917	7213	1	7715	0	WebsiteBuilder	#
surveymonkey.com	SurveyMonkey Inc.	US	7910	6766	874	329	83	Widget	SurveyMonkey
cnn.net	Turner Broadcasting System, Inc.	US	7907	537	18	7667	306	#	#
e-monsite.com	E-monsite	FR	7877	4895	116	6817	564	WebsiteBuilder	#
tinycounter.com	W3CENTRIC NETWORK PTE LTD	SG	7875	14	1	7866	1	Analytics	w3centric network
shopping.com	Shopping International Holding Inc.	US	7834	746	5	7144	13	#	#
netsolads.com	Network Solutions LLC	US	7813	7811	0	2	0	#	#
tradetracker.net	TradeTracker International BV	NL	7803	2676	666	6086	4	Analytics	Tradetracker
apartments.com	CoStar Realty Information, Inc.	US	7796	153	10	7662	10	#	#
casimages.com	ASCRIII	FR	7785	114	58	7708	240	ImageHoster	#
livebooks.com	WEDDINGWIRE	US	7781	7742	6	42	0	WebsiteBuilder	#
google.com.ua	#	#	7779	5477	2255	143	3	#	Google
ign.com	ZIFF DAVIS, LLC.	US	7766	613	53	7253	99	#	#
boston.com	The Boston Globe Newspaper Company LLC	US	7763	982	117	6958	264	#	#
4stats.de	#	#	7751	7670	1	7536	0	Beacon	#
twitterbuttons.com	#	#	7722	19	0	7710	7	#	#
google.pt	#	#	7709	4412	3191	167	15	#	Google
markethealth.com	Santrinico Enterprises Ltd	CY	7705	367	18	7430	33	Advertising	#
yelpcdn.com	Yelp Inc.	US	7697	382	0	7549	33	ContentDelivery	Yelp
cam-content.com	CAM-CONTENT S.L.	ES	7679	6217	1673	2459	1043	Widget	Cam-content
contactatonce.com	Contact At Once! LLC	#	7676	7180	4	2803	6	Widget	contact at once
search4careercolleges.com	PlattForm Advertising	#	7675	6	7666	3	0	#	#
javascriptkit.com	#	#	7634	7602	3	35	8	#	#
livejasmin.com	DuoDecad IT Services Luxembourg S.a r.l.	LU	7600	2988	5015	586	283	#	#
keywordblocks.com	#	#	7562	7562	2	0	0	Advertising	Yahoo
onet.pl	#	#	7517	4549	163	3465	1589	#	#
websitetonight.com	Go Daddy Operating Company, LLC	#	7515	6187	1	1342	15	WebsiteBuilder	GoDaddy
comluv.com	#	GB	7500	7458	0	46	1	#	#
netscape.com	AOL Inc.	US	7498	5981	26	2810	126	#	#
edgecastcdn.net	Verizon Trademark Services LLC	US	7485	3521	28	5491	1116	ContentDelivery	EdgeCast
stats.in.th	#	#	7469	7451	0	45	0	#	#
netart.pl	#	#	7465	120	0	7355	1	#	#
gawker.com	Kinja Kft.	HU	7451	375	25	7135	133	#	#
estat.com	Médiamétrie	FR	7439	6493	5	4990	0	Analytics	Mediametrie
tistory.com	#	#	7437	5026	63	6500	783	#	#
moreover.com	Moreover Technologies	#	7435	7219	38	999	42	Analytics	Moreover Technologies
inxhost.com	#	BR	7434	3	0	7433	0	#	#
hebdotop.com	Abricot Media	FR	7427	1083	3	6634	0	Analytics	Abricot Media
e-shops.jp	#	#	7425	1207	965	6954	325	#	#
perfora.net	1&1 Internet Inc.	US	7399	6453	16	1171	15	#	#
vk.com	#	#	7381	2902	2417	2372	31	#	Vk
gralon.net	Strullu Loic	FR	7347	87	0	7281	4	#	#
reformal.ru	#	#	7341	7288	30	4086	2	Widget	#
hitwebcounter.com	#	#	7333	14	0	7322	2	Analytics	#
buysellads.com	BUYSELLADS.COM INC.	US	7330	6716	4	641	9	Advertising	Buysellads.com
buienradar.nl	#	#	7328	161	4482	3521	14	Weather	#
airportservice.com	WEBSITE ADVERTISING, LTD	US	7323	3	7311	10	0	#	#
megagroup.ru	#	#	7307	7302	0	21	2	#	#
weatherbug.com	#	US	7306	305	4815	6053	4341	Weather	#
myopenid.com	janrain	#	7299	844	4	190	6432	Widget	Janrain
wxug.com	The Weather Channel, LLC	US	7281	478	1	6878	262	Weather	#
feedzilla.com	#	US	7280	4589	2049	1082	22	#	#
is.gd	#	#	7275	1415	64	261	5564	LinkShortener	#
seoparts.com	#	#	7272	7240	0	7189	0	#	#
aquadesign.be	#	#	7271	32	2	7249	2	#	#
netsolhost.com	Network Solutions LLC	US	7267	1451	179	6446	1595	Hosting	#
ameba.jp	#	#	7263	2512	12	5012	236	#	#
ugo2.jp	#	#	7248	1	0	7247	0	#	#
mediaplex.com	Conversant, Inc.	US	7245	4073	1419	3456	4	Advertising	ConversantMedia
glitter-graphics.net	YMLP	BE	7229	3576	143	3705	455	#	#
ymlp.com	Mozanim B.V.	NL	7229	129	5	7130	139	EmailMarketing	#
stats4free.de	#	#	7228	7098	1	1096	0	Analytics	#
cy-pr.com	Netowl,Inc.	JP	7227	168	0	7204	8	#	#
trackword.net	#	#	7227	7216	4	1694	1	#	#
activerain.com	Trulia, Inc	US	7214	366	111	6811	81	#	#
sogou.com	Sogou Information	CN	7209	6329	373	610	9	#	#
martindale.com	Internet Brands	US	7190	4197	2	7121	7	#	#
teamviewer.com	TeamViewer GmbH	DE	7181	121	14	7053	12	#	#
smowtion.com	Smowtion Co. Corp.	#	7180	6744	465	483	2	Beacon	Smowtion
moshimo.com	Moshimo Co.,Ltd.	JP	7159	540	21	7110	336	#	#
maxmind.com	MaxMind Inc	US	7145	7081	2	63	1	Beacon	Maxmind
gtimg.cn	#	#	7139	6680	3	506	261	#	#
multimap.com	Microsoft Corporation	US	7126	2192	4553	458	16	#	#
disclaimer.de	#	#	7112	249	1630	5383	8	Widget	#
buttonshut.com	TSKTECH	GB	7111	6	0	7109	0	Widget	Tsktech
hey.lt	#	#	7109	4073	2	6887	1	#	#
vnexpress.net	#	US	7106	3310	381	4508	53	#	#
fanpop.com	#	US	7102	169	41	6936	66	#	#
bigcartel.com	Big Cartel, LLC	US	7101	3983	301	5810	3527	WebsiteBuilder	#
mcssl.com	Web.com Group, Inc.	US	7099	1716	112	5376	87	WebsiteBuilder	#
wikia.com	Wikia, Inc.	US	7075	573	36	6512	128	#	#
google.no	#	#	7048	4079	2854	170	11	#	Google
cobaltnitra.com	The Cobalt Group	US	7029	6720	247	6910	6719	Advertising	The Cobalt Group
moonmodule.com	BlueMarmot.com	US	7018	6912	2	363	0	Widget	BlueMarmot
mit.edu	#	#	7010	2456	60	4682	132	#	#
yahooapis.jp	#	#	6961	6798	125	79	37	#	Yahoo
guardian.co.uk	Hitstation Communication Ltd.	CA	6949	6873	0	5353	0	#	#
xspp.com	#	#	6949	2378	221	4580	224	#	#
skitch.com	Evernote Corporation	US	6947	104	1	6866	121	Widget	Evernote
rpxnow.com	Janrain Inc	#	6939	5177	2215	97	87	Widget	Janrain
z57.com	Z57	US	6938	6344	12	6872	2056	#	#
cooliris.com	Yahoo! Inc.	US	6931	6815	7	112	20	#	#
netcraft.com	Netcraft Ltd	UK	6928	93	7	6835	7	#	#
pingomatic.com	DNStination, Inc.	US	6923	149	6718	10	58	#	#
perfb.com	Digital Window Ltd	GB	6916	1547	27	6283	37	#	#
strato.de	#	#	6915	5171	48	2027	59	Hosting	#
informer.com	Informer Technologies, Inc.	#	6910	5712	29	1710	120	Widget	Informer Technologies
manta.com	Manta Media Inc	US	6908	637	9	6335	8	#	#
microformats.org	4K Associates	US	6907	37	6	43	6829	#	#
mb01.com	MaxBounty Inc.	CA	6895	164	63	6742	20	Advertising	MaxBounty
clicksor.com	CLICKSOR.COM INC.	CA	6884	6634	50	475	4	Advertising	Clicksor.com
at-m.net	#	#	6867	2	0	6862	7	#	#
translateth.is	#	#	6864	6862	0	5	0	Widget	#
exoclick.com	#	#	6861	6829	3	36	0	Advertising	#
sgs.gov.cn	EXOCLICK, S.L.	#	6861	6602	24	364	2	#	#
cobaltgroup.com	CDK Global, LLC.	US	6848	6714	0	6772	6693	Advertising	CDK Marketing
map-generator.net	#	DE	6845	22	6829	0	0	Widget	#
trackalyzer.com	#	US	6838	6829	0	58	0	Analytics	#
voila.fr	#	#	6830	4832	131	2028	139	#	#
search.bg	#	#	6829	6641	18	6399	0	#	#
admission.net	#	#	6809	6181	979	5938	0	Advertising	CDK Marketing
ziyu.net	CDK Global, LLC.	US	6809	6287	0	595	6690	#	#
freeindex.co.uk	#	#	6797	3136	3	4486	4	#	#
social-bookmark-script.de	#	#	6791	4044	0	5178	11	#	#
adonweb.ru	#	#	6783	6780	0	3	0	Advertising	#
bluewin.ch	#	#	6772	6282	15	3996	20	#	#
opentable.com	OpenTable, Inc.	US	6768	6158	210	3552	3323	#	#
oddcast.com	Oddcast, Inc.	US	6760	6463	50	320	13	Analytics	Oddcast
coveritlive.com	#	#	6755	173	6486	319	58	Widget	#
z57websites.com	Z57	US	6745	6444	0	6547	323	#	#
kelkoo.com	Kelkoo SAS	FR	6740	600	6	6170	39	Widget	Kelkoo
findlaw.com	Thomson Reuters Global Resources	CH	6719	1046	19	6231	604	#	#
js-kit.com	Jacknyfe, Inc	US	6700	6591	13	184	238	#	#
www.info.vn	#	#	6695	5	6659	33	0	#	#
postimage.org	#	#	6691	254	5	6495	132	ImageHoster	#
hitskin.com	#	#	6689	374	0	6682	325	#	#
blogflux.com	Enthropia Inc	CA	6683	538	216	6456	25	#	#
yfrog.com	ImageShack Corp	#	6681	338	8	6367	106	ImageHoster	#
trustkeeper.net	Trustwave Holdings, Inc	#	6672	6332	0	6372	0	#	#
toplist.sk	#	#	6667	3138	16	6052	0	#	#
attracta.com	#	#	6659	6267	2	6495	1	Widget	#
fastonlineusers.com	#	#	6651	6648	0	3	2	Analytics	#
livechatinc.com	LiveChat, Inc.	#	6644	6513	3	196	0	Widget	LiveChat
ecwid.com	Ecwid S.a.r.l.	#	6635	6444	16	503	12	Widget	Ecwid
gawkerassets.com	Kinja Kft.	HU	6622	164	4	6531	91	#	#
cams.com	Streamray Inc.	#	6619	2682	2936	2522	29	#	#
cnw.cz	#	#	6618	3589	0	5948	0	#	#
enhancedsitebuilder.com	Endurance International Group - West, Inc.	US	6617	6559	0	3813	0	#	#
siteprotect.com	DOMAINPEOPLE, INC.	CA	6612	5004	2	4784	17	#	#
myaasite.com	Advanced Access	US	6608	437	232	6584	29	#	#
prebuilt.com	IESTATES.COM, LLC	US	6605	4	0	6605	2797	WebsiteBuilder	#
gsgd.co.uk	Smartadserver	FR	6595	6594	0	1	0	#	#
smartadserver.com	#	#	6595	5554	144	4129	37	Advertising	#
walmart.com	Wal-Mart Stores, Inc.	US	6592	581	29	6043	31	#	#
tqn.com	About, Inc.	US	6583	78	1	6522	56	#	#
dtiserv.com	IDNM CO.	US	6569	141	2770	6055	45	Hosting	#
at.ua	#	#	6566	1279	85	6022	401	#	#
ian.com	BRITISH TELECOMMUNICATIONS PLC	UK	6558	3727	1193	4001	52	#	Expedia
btcustomerstreet.com	Hotels.com	US	6558	625	0	6555	0	Advertising	Hotels.com
meteo24.de	#	#	6542	26	6518	2	9	Weather	#
livezilla.net	#	#	6526	3480	2605	2727	38	#	#
vpscash.nl	SPAUN Power GmbH	DE	6526	6493	0	38	1	Advertising	Spaun Power
davidbu.com	#	JP	6524	715	0	5811	0	#	#
mwdcdn.com	#	#	6519	0	6519	0	0	#	#
meebo.com	Google Inc.	US	6511	5304	59	1230	18	Advertising	Google
vresp.com	#	US	6507	2547	40	4173	22	EmailMarketing	#
mister-wong.de	#	#	6505	1840	3	4724	13	#	#
xinhuanet.com	xinhuanet	CN	6492	980	304	5540	58	#	#
ero-advertising.com	Interwebvertising BV	NL	6491	6187	22	588	2	Advertising	Interwebvertising
averdo.de	#	#	6489	3	0	6489	1	#	#
dnpns.com	#	#	6489	6489	0	1858	6112	#	#
pagepeeker.com	#	#	6486	502	0	6038	1	#	#
typekit.net	Adobe Systems Incorporated	US	6482	6480	0	0	2	Widget	Adobe
dt00.net	Service Online LLC	UA	6475	5946	0	5919	0	#	#
mystat-in.net	#	#	6475	6193	6	315	7	#	#
ezakus.net	EZAKUS SA	FR	6461	6461	0	0	0	Advertising	Ezakzus
canalblog.com	PINACOLAWEB SARL	FR	6457	1728	63	5496	888	#	#
spacash.com	LIVE INTERACTIVE S.A.	UY	6429	2749	2154	4264	459	Advertising	Live Interactive
google.com.hk	#	#	6425	4122	1559	809	9	#	Google
art.com	Art.com, Inc.	US	6424	301	446	6001	24	#	#
tutiempo.net	Tutiempo Network SL	ES	6412	5254	400	1073	3	Weather	#
identity.net	#	#	6403	6397	1	5	0	#	#
rs6.net	Constant Contact, Inc.	US	6400	195	5	6276	7	EmailMarketing	#
pheedo.com	#	#	6393	107	32	6238	57	Advertising	#
nih.gov	#	#	6391	2801	1418	3568	132	#	#
counter-go.de	#	#	6382	5950	1	5815	0	Analytics	#
friendfeed.com	Facebook, Inc.	US	6376	3081	484	4534	326	Beacon	Facebook
kitconet.com	Kitco Inc.	CA	6368	47	21	6325	5	Widget	Kitco
clixgalore.com	CLIXGALORE AFFILIATE MARKETING	US	6366	367	22	6211	13	Advertising	Clixgalore
shrinktheweb.com	NEOSYSCONSULTING	US	6361	2896	1	3594	2	#	#
globecharge.com	Tribune Publishing Company, LLC	US	6356	33	7	6322	4	#	#
forsalebyowner.com	GLOBECHARGE PTY. LTD.	AU	6356	6349	1	25	2	#	#
seesaa.net	Seesaa Inc		6341	1239	184	5175	314	#	#
miarroba.com	Miarroba Networks, S.L.	ES	6340	5575	46	1071	39	#	#
pantherssl.com	CDNetworks Co., LTD.	KR	6317	5695	3	654	21	#	#
d-064.com	WEB-SHARK INC.	JP	6314	71	2	6302	2	#	#
reuters.com	Thomson Reuters Group Ltd.	UK	6309	1916	184	4305	232	#	#
lulu.com	Lulu Press, Inc.	US	6301	538	72	5803	53	#	#
securitymetrics.com	SecurityMetrics	US	6285	22	0	6261	4	#	#
magix-website.com	MAGIX AG	DE	6281	6209	0	113	16	WebsiteBuilder	#
host-tracker.com	#	#	6268	28	1	6248	0	#	#
chart.dk	#	#	6263	5496	1	5821	1	Widget	#
answers.com	Answers Corporation	US	6253	1429	469	4996	403	#	#
webstarts.com	WebStarts	US	6252	5790	46	1383	5249	WebsiteBuilder	#
directupload.net	O'Real Associates Ltd.	CY	6248	110	46	6157	89	ImageHoster	#
partnercash.de	#	#	6242	5772	322	4115	37	Advertising	#
puretec.de	#	#	6232	202	113	5996	0	Hosting	1 und 1
loopia.se	#	#	6224	14	1	6209	4522	#	#
adtaily.pl	#	#	6222	6207	2	39	1	Advertising	#
onlinehome.us	1&1 Internet Inc.	US	6220	2154	361	5161	1851	Hosting	1 und 1
imagevenue.com	#	#	6211	150	16	6096	37	ImageHoster	#
pop6.com	Global Alphabet, Inc.	#	6199	1607	1	6027	621	#	#
doteasy.com	Doteasy Technology Inc.	CA	6196	2821	8	4903	16	Hosting	#
easy-dating.org	Factor Lead	CH	6195	6156	0	87	2	#	#
expedia.com	CacheNetworks, LLC	US	6184	2089	49	4383	1658	#	#
cachefly.net	Expedia, Inc	US	6184	1780	42	4534	27	#	#
agentxsites.com	A LA MODE, INC.	US	6179	6068	14	327	45	WebsiteBuilder	#
skynet.be	#	#	6177	952	222	4969	312	#	#
euroweb.net	Euroweb Internet GmbH	DE	6167	6147	0	6156	10	Hosting	#
s163.com	Lv ShaoHua	CN	6156	6156	0	0	0	#	#
belstat.nl	#	#	6147	6105	0	83	0	Analytics	#
initial-website.com	Neon Network LLC	#	6142	6119	0	6124	6104	#	#
yourdomain.com	1&1 Internet Inc.	US	6142	5471	5	542	206	Hosting	1 und 1
worldtimeserver.com	Code 9 Media, Inc	#	6131	5856	14	306	0	#	#
hostingpics.net	HostingPics	FR	6115	90	107	6036	260	ImageHoster	#
terra.es	#	#	6114	3780	73	2331	98	#	#
barnesandnoble.com	barnesandnoble.com llc	US	6104	679	154	5344	55	#	#
visualwebsiteoptimizer.com	#	#	6102	6069	1	37	1	Beacon	#
fotolia.com	Adobe Systems Incorporated	US	6101	2892	50	3192	22	ImageHoster	#
sxc.hu	#	#	6087	146	4	5945	46	#	#
wpdstat.com	#	#	6082	6081	0	1	0	#	#
belboon.de	#	#	6080	1557	1320	5355	20	Advertising	#
google.ie	#	#	6075	3733	2248	124	4	#	Google
onlinewebstat.com	WEBSERVIS ILETISIM HIZMETLERI	TR	6069	5899	0	5538	0	Analytics	Webservis Iletisim Hizmetleri
xserverclient.net	XSERVER INC.	JP	6050	0	0	6050	0	#	#
logos.com	Faithlife Corporation	#	6019	5676	65	711	114	#	#
bufferapp.com	BUFFER, INC.	US	6015	5979	5	47	1	Widget	Buffer
listinus.de	#	#	6013	53	55	5977	2	#	#
mtv.com	Viacom International Inc.	US	6012	618	139	5321	200	#	#
conduit.com	#	#	5978	4888	44	1672	61	Advertising	#
qweb.es	#	#	5972	14	1	5960	0	#	#
w3counter.com	AWIO WEB SERVICES LLC	US	5956	5823	2	5607	2	Analytics	Awio
orange.fr	#	#	5955	2997	97	2993	667	#	#
photobiz.com	#	#	5954	1306	10	4006	2459	WebsiteBuilder	#
earthlink.net	Earthlink Inc	US	5952	3581	59	2385	102	#	#
sitestat.com	comScore, Inc	US	5941	5134	117	4833	74	Analytics	Comscore
topblogarea.com	XTREMETOP100	SE	5940	14	0	5929	8	#	#
freewebsubmission.com	GreenWave Online Inc.	#	5937	437	5	5645	6	#	#
flavors.me	Moo Print Ltd	#	5936	5786	115	7	47	WebsiteBuilder	#
cqcounter.com	Cybernet Quest	US	5935	5735	0	5596	0	Analytics	Cybernet
globo.com	TV Globo Ltda	BR	5907	2148	428	3606	180	#	#
direction-x.com	Rentabiliweb Belgique	#	5893	5187	2088	185	0	#	#
aftermarket.pl	#	#	5892	5489	193	5681	17	DomainParking	#
imimg.com	Parallels Holdings Ltd	US	5887	2873	0	5874	2	#	#
swsoft.com	Indiamart Intermesh Limited	IN	5887	5852	3	34	2	Hosting	#
codeamber.org	#	US	5863	5727	2	347	0	#	#
wikiodeliv.com	WIKIO	FR	5862	5858	0	4	0	#	#
ipower.com	The Endurance International Group, Inc.	US	5850	1465	69	5464	1214	Hosting	#
globalsign.com	NEW YORK DAILY NEWS	US	5842	5733	9	5611	2	#	#
nydailynews.com	GMO GlobalSign Inc	US	5842	631	58	5264	106	#	#
trackword.biz	Netowl,Inc.	JP	5841	14	0	5834	1	#	#
websitetestlink.com	Rackspace US, Inc.	US	5836	1075	122	5039	1112	#	#
mochiads.com	Mochi Media, Inc.	US	5824	2777	150	3586	74	Malware	#
semrush.com	BOOTSTRAP MARKETING GROUP LTD	CY	5813	111	3	5707	11	Analytics	Bootstrap Marketing Group
beepworld.de	#	#	5791	2269	218	5258	1424	WebsiteBuilder	#
evernote.com	Evernote Corporation	US	5788	4571	23	4853	30	#	#
naj.sk	#	#	5787	5445	0	5546	0	#	#
webgains.com	#	GB	5773	3537	46	3056	15	Advertising	#
speedtest.net	#	#	5771	197	78	5525	44	Widget	#
truehits.in.th	#	#	5770	5728	2	2534	1	Analytics	truehits.net
areasnap.com	Corporation Service Company	US	5768	0	5768	0	0	Malware	#
smh.com.au	#	#	5757	386	155	5288	93	#	#
hit-counts.com	BUSINESS DESIGNS	PK	5750	9	2	5743	0	Beacon	Business Designs
recherche-web.com	#	#	5746	62	0	5736	0	#	#
buch.de	Bernard Rachais	FR	5746	67	6	5683	10	#	#
howstuffworks.com	Infospace, Inc.	US	5741	534	38	5228	65	#	#
browser-update.org	#	DE	5737	5737	0	0	0	Widget	#
homes.com	Dominion Enterprises	US	5734	2502	1201	5662	3409	#	#
gvt0.com	Google Inc.	US	5731	54	0	5699	174	#	#
picturetrail.com	Catalyst Apps	US	5722	164	16	5626	49	ImageHoster	#
openstreetmap.org	OpenStreetMap Foundation	GB	5710	3034	2497	313	10	#	#
annuaire-web-france.com	#	FR	5701	63	17	5659	0	#	#
infusionsoft.com	Infusion Software	US	5695	4252	187	1834	62	Widget	#
magix-photos.com	Magix AG	DE	5693	5486	0	224	10	WebsiteBuilder	#
goo.ne.jp	#	#	5690	1648	170	4019	216	#	#
opentracker.net	Opentracker	NL	5689	5658	1	3893	1	Analytics	Opentracker
cbc.ca	#	#	5687	1008	209	4588	79	#	#
dell.com	#	US	5685	618	53	5156	174	#	#
mirti.com	SAS ATTIC	FR	5667	16	2	5656	0	#	#
megastock.ru	#	#	5663	104	0	5562	1	#	#
arcor.de	#	#	5660	924	725	3999	445	#	#
belstat.be	#	#	5657	5619	0	75	1	Analytics	belstat.com
daumcdn.net	#	#	5655	4775	8	5010	5359	Widget	#
profiseller.de	#	#	5652	981	217	5309	11	Widget	#
blogged.com	UberMedia Inc.	#	5645	30	51	5612	7	#	#
ehow.com	DEMAND MEDIA, INC.	US	5644	561	19	5140	60	#	#
dmoz.org	AOL Inc.	US	5641	3414	33	2230	47	#	#
rising.com.cn	#	#	5630	5406	34	224	8	#	#
stat.pl	#	#	5624	5496	0	728	1	Analytics	stat24
trafficgate.net	LinkShare Japan K.K.	#	5611	274	91	5508	38	#	#
sitesell.com	SiteSell Inc	CA	5608	2003	15	4964	111	#	#
lycos.co.uk	sprd.net AG	DE	5606	339	2245	3353	194	#	#
spreadshirt.net	#	#	5606	3707	77	1904	68	#	#
with2.net	#	#	5596	985	28	5156	7	#	#
huffingtonpost.com	TheHuffingtonPost.com, Inc.	US	5584	946	424	4400	183	#	#
cnet.com	CBS Interactive Inc.	US	5580	1630	145	3895	129	#	#
google.com.ar	#	#	5578	1756	3466	479	27	#	Google
getgooglemap.do	#	#	5576	5576	0	0	0	#	#
foxyform.com	Johann Wenz	DE	5571	9	5560	4	1	Widget	Johann Wenz
ename.cn	SnowyDancer Productions	US	5557	437	0	5538	5490	#	#
squarecompass.com	#	#	5557	5554	0	4	2	#	#
siteheart.com	Cox Digital Solutions	#	5553	5472	5	114	1	Widget	Cox Digital Solutions
afy11.net	#	#	5553	850	11	4922	0	Malware	#
emeraldhost.net	Emerald Connect, LLC	US	5550	0	0	5550	0	#	#
diy-servers.net	Verio Inc.	US	5547	5385	0	3526	0	#	#
wsj.net	Dow Jones & Company, Inc.	US	5546	215	6	5396	127	#	#
24log.ru	#	#	5540	4288	0	5358	0	#	#
pcsys.biz	#	JP	5532	3633	0	5529	0	#	#
lijit.com	#	#	5510	3861	138	1685	71	Advertising	sovrn
indiatimes.com	#	#	5510	5424	51	73	64	#	#
mylivesignature.com	#	DE	5498	4203	494	1467	12	Widget	#
tsviewer.com	Sysmesh Ltd	#	5498	24	0	5480	74	Widget	Sysmesh
hurriyet.com.tr	#	#	5496	3474	108	2269	53	#	#
linkreferral.com	#	US	5494	547	7	5131	4	Advertising	#
ocn.ne.jp	#	#	5493	1263	139	4481	142	#	#
blogarama.com	#	RU	5491	17	0	5480	8	#	#
projectwonderful.com	Project Wonderful Advertising Corporation	CA	5488	4896	0	4154	5	Advertising	Project Wonderful Advertising
freeonlineusers.com	AKTIS nt	FR	5464	5462	0	4	0	Analytics	Aktis
net-liens.com	#	#	5464	47	0	5454	0	#	#
tns-counter.ru	#	#	5454	5235	0	5350	0	Analytics	TNS
trustwave.com	Trustwave Holdings, Inc	#	5446	5100	0	390	0	#	#
stumble-upon.com	Stumbleupon Inc.	US	5442	224	0	5247	36	#	#
hubimg.com	HubPages	US	5430	27	0	5405	30	#	#
weather.gov	#	#	5422	535	814	4278	52	Weather	#
live800.com	Chengdu GoldArmor Technology Inc.	CN	5415	5396	9	52	6	#	#
informer.ru	#	#	5407	149	1	5285	6	#	#
ontoplist.com	#	#	5407	5402	1	5	0	Widget	#
ds1.nl	#	#	5406	215	1770	4776	13	Advertising	Daisycon
photoshelter.com	PhotoShelter, Inc.	#	5395	2804	42	5002	2722	#	#
contaxe.com	CONTAXE AG	CH	5390	5348	10	201	2	Advertising	Contaxe
google.hu	#	#	5387	1054	4233	182	8	#	Google
webmart.de	#	#	5382	3609	1933	768	50	WebsiteBuilder	#
seznam.cz	#	#	5380	4336	26	1057	29	#	#
bbs7.com	AMBACKS EDUCATE, K.K.	JP	5359	7	0	5355	4	#	#
crwdcntrl.net	Lotame Solutions, Inc.	#	5350	5299	7	78	0	Beacon	Lotame Solutions
simplehitcounter.com	BANDCAMP, INC.	US	5343	3553	0	5292	3575	Analytics	Bandcamp
bcbits.com	FIRST IMAGE MARKETING, INC.	US	5343	4	0	5343	1	#	#
centrum.cz	#	#	5338	4404	171	825	15	#	#
dynadot.com	#	US	5337	17	4904	94	325	#	#
e-zeeinternet.com	#	#	5336	6	0	5331	0	Analytics	#
topofblogs.com	Moniker Privacy Services	US	5332	63	1	5273	4	#	#
compare-le-net.com	COMPARE LE WEB	FR	5325	56	1	5307	1	#	#
luxup.ru	#	#	5310	5297	0	20	1	Advertising	AdLabs
phpwind.net	Alibaba Cloud Computing Ltd. (阿里云计算有限公司)	CN	5308	4729	175	1953	1	#	#
bbcimg.co.uk	#	#	5307	144	0	5201	80	ContentDelivery	#
zoho.com	Zoho Corporation P Ltd	IN	5300	529	4438	615	36	#	#
myaffiliateprogram.com	Inuvo	#	5296	130	17	5191	8	Advertising	Inuvo
rk.com	#	#	5284	850	4268	1033	103	#	#
clikpic.com	Clikpic Ltd	UK	5281	17	1	5103	1361	WebsiteBuilder	#
blogsmithmedia.com	#	#	5280	141	1	5207	173	#	#
official.fm	AOL Inc.	US	5280	4105	1143	67	4	#	#
freemeteo.com	#	#	5274	5187	102	21	2	Weather	#
manyou.com	Tencent Technology (Beijing) Company Ltd	CN	5253	1139	529	4568	0	#	#
mappy.com	MAPPY SA	FR	5252	5001	36	226	5	#	#
mystat.hu	Compubyte Limited	VG	5251	1308	117	4489	383	Analytics	Compubyte
ucoz.com	#	#	5251	5063	0	4993	1	WebsiteBuilder	#
2mdn.net	Google Inc.	US	5249	911	2	4678	16	#	#
home.nl	#	#	5239	3710	70	1470	100	#	#
widgetsplus.com	#	NL	5238	5229	12	7	0	Widget	#
angelfire.com	Lycos, Inc	US	5231	1717	157	3802	200	WebsiteBuilder	#
1und1.de	#	#	5229	488	51	4677	20	Hosting	1 und 1
snapengage.com	SnapEngage, LLC	US	5226	5222	0	6	1	#	#
furl.net	Diigo	#	5214	5012	5	282	7	#	#
funpic.de	#	#	5210	749	490	4080	309	#	#
gotop100.com	#	#	5207	70	9	5165	2	Hosting	#
forbes.com	Forbes Media LLC	US	5204	1210	522	3719	172	#	#
iconj.com	BEYOND.COM	US	5197	2672	1664	4411	1413	ImageHoster	#
beyond.com	GARYFU.COM	TW	5197	13	0	54	5156	#	#
connextra.com	#	US	5191	256	4538	852	2	Advertising	#
susnet.se	#	#	5187	5158	0	120	0	#	#
bloggeramt.de	#	#	5186	14	0	5173	1	#	#
submitnet.net	SubmitNet, Inc.	US	5177	5062	1	5004	0	#	#
blogdehp.net	#	JP	5171	5144	0	1426	450	#	#
sklik.cz	#	#	5169	2351	371	2487	0	#	#
pr-cy.ru	#	#	5166	89	1	5099	3	#	#
accanalyze.com	#	#	5165	5094	0	129	0	#	#
easyhitcounters.com	#	#	5161	3526	1	5003	0	#	#
directtrack.com	Digital River, Inc.	US	5160	742	47	4667	23	Advertising	Digital River
cyberpolice.cn	#	#	5152	3639	1	1535	0	#	#
makeshop.jp	MAGIX AG	DE	5143	11	0	32	5104	#	#
magix-online.com	#	#	5143	3154	65	4902	188	WebsiteBuilder	#
google.com.tr	#	#	5140	4084	103	1030	13	#	Google
productserve.com	Digital Window Ltd	GB	5131	58	0	5104	16	Advertising	Digital Window
biglobe.ne.jp	#	#	5125	1087	137	4375	333	#	#
zendesk.com	Zendesk	US	5122	4853	131	1783	1710	#	#
abload.de	#	#	5121	72	6	5062	76	ImageHoster	#
haloscan.com	Jacknyfe, Inc	US	5120	5037	26	895	18	Widget	Jacknyfe
free-counters.co.uk	#	#	5116	3723	0	4842	1	Analytics	#
newsvine.com	NBCUniversal Media, LLC	US	5114	3866	13	1353	24	#	#
topnews.in	Manas Informatics Pvt. Ltd.	IN	5113	45	5	5074	52	#	#
inmotionhosting.com	#	ES	5101	7	1	5098	0	Hosting	#
contador-de-visitas.com	#	US	5101	461	233	4818	220	Analytics	#
rapidcounter.com	RAPIDCOUNTER	US	5100	4412	0	4970	0	Analytics	Rapidcounter
vivistats.com	Midweb S.r.l.	#	5098	4922	26	4578	0	Analytics	Midweb
komplads.net	#	#	5092	5000	109	32	1	Malware	#
eltiempo.es	KONTENT GmbH	DE	5092	5080	0	5092	0	Weather	#
1and1.fr	#	#	5090	2033	9	3070	2	Hosting	1 und 1
squidoo.com	#	#	5084	2924	29	2143	75	WebsiteBuilder	#
libero.it	#	#	5082	1324	93	3774	158	#	#
skyrock.net	#	#	5079	124	2	4979	86	#	#
ozon.ru	#	#	5071	1941	17	3545	12	#	#
shopex.cn	#	#	5070	4352	16	1654	7	#	#
123contactform.com	123CONTACTFORM SRL	RO	5064	1623	297	3667	447	Widget	123Contactform
localtimes.info	Enclick Ltd	GB	5060	5013	0	4340	1	Widget	Enclick
webhits.de	#	#	5055	3303	87	3766	1	Analytics	#
realpages.com	YELLOWPAGES.COM LLC	US	5049	4838	577	48	1	#	#
tigerdirect.com	Syx Services Inc.	US	5045	246	8	4843	20	#	#
myopera.com	Opera Software ASA	#	5041	103	7	4960	69	#	#
planet.nl	#	#	5032	3807	56	1148	111	#	#
assoc-amazon.fr	#	#	5028	1597	3	4356	15	Advertising	Amazon
fatcow.com	The Endurance International Group, Inc.	US	5025	428	35	4733	262	Hosting	#
email.com	World Media Group, LLC	US	5021	5018	0	2	1	#	#
123rf.com	123RF LTD	HK	5017	147	33	4863	40	ImageHoster	#
businessweek.com	VIDDLER	US	5000	2664	2689	719	129	#	#
viddler.com	Bloomberg L.P.	US	5000	802	237	4098	180	#	#
news.com.au	#	#	4996	861	183	4092	107	#	#
liveonatt.com	YELLOWPAGES.COM LLC	US	4994	4937	1	1279	1	#	#
nationalgeographic.com	National Geographic Society	US	4993	772	100	4204	75	#	#
video-loader.com	AOL Inc.	US	4991	4968	15	29	7	Advertising	AOL
webstat.com	#	#	4988	4791	9	4590	1	Beacon	#
formstack.com	FORMSTACK	US	4987	4559	363	657	822	Widget	Formstack
npr.org	QUEDOMAIN.COM	JP	4984	1050	620	3535	116	#	#
trialcastle.com	National Public Radio, Inc.	US	4984	2	0	4983	0	#	#
loginza.ru	#	#	4983	4766	502	1269	0	#	#
hajlandery.com	#	#	4983	0	0	4983	0	#	#
marinsm.com	Marin Software	#	4982	4598	0	4732	5	Beacon	Marin Software
phplist.com	phplist ltd	GB	4981	29	4	523	4923	#	#
tfd.com	Farlex.com	US	4975	1797	0	4071	21	#	#
pimproll.com	#	#	4968	1504	957	3539	63	Advertising	#
cisdata.net	CIS DATA SYSTEMS, INC.	US	4962	2872	1003	1619	38	WebsiteBuilder	#
lycos.fr	#	#	4961	729	57	4320	103	#	#
abcnews.com	ABC, Inc.	US	4952	668	29	4364	66	#	#
cssdrive.com	#	#	4937	4923	1	12	1	#	#
mashable.com	#	#	4932	712	52	4281	131	#	#
hyves.nl	#	#	4931	1844	3040	194	32	#	#
emeraldconnect.com	Emerald Connect, LLC	US	4924	4902	0	77	0	#	#
porn.fr	#	#	4922	3387	1297	2541	3	#	#
brothersoft.com	Kunlun Wanwei Keji Gufen Youxian Gongsi	#	4917	140	10	4756	65	#	#
yelp.com	Yelp Inc.	US	4895	1340	669	3107	73	#	#
55.la	wo la dian zi shang wu you xian gong si	CN	4892	2385	6	2348	268	#	#
yr.no	#	#	4884	2696	684	1616	3	Weather	#
sapo.pt	#	#	4882	1151	344	3723	291	#	#
cdc.gov	#	#	4871	737	121	4196	61	#	#
ovh.net	OVH Sas	FR	4870	1691	223	3419	867	#	#
blogimg.jp	#	#	4865	156	2	4796	74	#	#
phplivesupport.com	OSI Codes Inc.	#	4857	4836	1	22	1	Widget	OSI Codes
websrvcs.com	#	#	4855	4836	0	663	10	#	#
motorplacedealersecureforms.com	ADP Dealer Services, Inc.	US	4854	4854	0	0	0	#	#
softpedia.com	SOFTNEWS NET SRL	RO	4852	241	17	4632	39	#	#
0zz0.com	Arabic-web	#	4845	111	2	4802	84	#	#
goo.gl	#	US	4844	1751	271	1539	1394	LinkShortener	Google
multiply.com	Netrepreneur Connections Enterprises, Inc.	PH	4839	966	63	3865	98	#	#
pax.com	A HAPPY DREAMHOST CUSTOMER	US	4834	14	3	4828	2	#	#
freenet.de	#	#	4830	2495	155	2311	107	#	#
reliancenetwork.com	Reliance Network, LLC	US	4825	2339	2	4141	3251	WebsiteBuilder	#
persiangig.com	#	US	4822	624	58	4425	611	#	#
marktplatz-deutschland.de	#	#	4815	4815	0	4810	0	#	#
qlook.net	#	#	4812	4594	4482	4574	0	#	#
gizmodo.com	Kinja Kft.	HU	4807	373	29	4453	98	#	#
nedstat.net	comScore, Inc	US	4799	1562	0	4484	0	Analytics	Comscore
gridserver.com	Media Temple Inc.	#	4796	983	88	4097	978	#	#
treatmentol.com	#	JP	4789	12	0	4784	0	Malware	#
360.cn	#	#	4787	274	155	4348	40	#	#
webmoney.ru	#	#	4782	256	1	4554	12	#	#
calend.ru	#	#	4777	1046	9	3804	3	#	#
microsofttranslator.com	Microsoft Corporation	US	4771	4725	10	54	6	#	#
ratepoint.com	RATEPOINT, INC.	US	4761	3330	1573	1868	30	#	#
banner.kiev.ua	#	#	4759	4624	17	418	0	#	#
boakes.org	3501256 Canada, Inc.	US	4754	5	0	14	4737	#	#
just-eat.co.uk	#	#	4753	90	1	4728	4056	#	#
hashemian.com	#	#	4751	1990	24	4513	4230	#	#
mijnwebwinkel.nl	#	US	4751	4702	0	58	0	WebsiteBuilder	#
wikio.fr	Toekomstig Doel	NL	4745	1514	1	3614	11	#	#
mmaaxx.com	#	#	4745	89	4720	2	0	#	#
caseprocess.com	Shopzilla, Inc.	US	4741	84	0	0	4741	#	#
bizrate.com	HugeDomains.com	US	4741	537	226	4399	11	#	#
akavita.com	N/A	BY	4736	4587	1	4580	0	#	#
ratteb.com	#	#	4734	4594	1	4434	1	#	#
advertstream.com	#	FR	4733	4704	0	1268	0	Advertising	#
sinajs.cn	#	#	4731	2793	84	2067	155	#	#
cincopa.com	oren shmulevich	BR	4729	4673	1	4702	39	Widget	oren shmulevich
usatoday.com	Gannett Satellite Information Network, Inc.	US	4728	1245	183	3504	281	#	#
nicovideo.jp	#	#	4725	2455	3036	158	11	#	#
annuairedeforums.com	#	#	4721	26	12	229	4697	#	#
superlativestudio.com	Superlative, Inc.	US	4717	4650	22	4680	4633	#	#
amazon.ca	#	#	4708	945	3039	996	19	#	Amazon
wowhead.com	ZAM Network, LLC.	#	4707	4490	25	440	16	#	#
interia.pl	#	#	4683	1954	140	2796	102	#	#
chello.nl	#	#	4667	3526	53	1088	71	#	#
4shared.com	New IT Solutions Ltd.	#	4663	809	497	3533	93	#	#
webservis.gen.tr	Sugar Publishing Inc.	#	4657	780	10	4048	191	#	#
onsugar.com	#	#	4657	4431	1	3685	0	WebsiteBuilder	#
yell.com	hibu (UK) Limited	GB	4655	4347	294	1407	46	#	#
humanclick.com	#	US	4653	4276	1	1539	0	Widget	#
google.com.mx	Softlayer Technologies, Inc.	US	4649	1443	2968	325	20	#	Google
cdnlayer.com	#	#	4649	3415	35	557	3317	#	#
qualigo.de	#	#	4627	4612	0	15	0	Advertising	#
wikispaces.com	Tangient LLC	US	4622	839	58	3818	64	WebsiteBuilder	#
noogle.fr	#	#	4620	17	0	4609	0	#	#
netagent.cz	#	#	4611	4470	0	4485	0	#	#
screencast.com	Yahoo! Inc.	US	4605	118	3	4529	48	Hosting	#
yahoofs.com	TechSmith Corporation	US	4605	303	2035	2341	40	ContentDelivery	Yahoo
buzznet.com	#	#	4595	745	11	3906	48	#	#
35.com	Xiamen 35.com Technology Co., Ltd.	CN	4594	4279	29	379	21	#	#
playaudiomessage.com	#	#	4593	17	4579	2	0	#	#
atlas.cz	Rick Raddatz	#	4593	4322	4	296	3	#	#
xooimage.com	Overstock.com, Inc.	US	4590	522	8	4290	392	ImageHoster	#
overstock.com	ADSTOURS SARL	FR	4590	370	9	4248	19	#	#
hotwords.com.br	#	#	4588	4578	4	13	2	Advertising	Hotwords
exs.cx	#	DE	4584	89	9	4540	23		#
mlcalc.com	#	#	4583	3265	4	1259	2703	Widget	#
price.ru	#	#	4581	4547	0	43	6	#	#
feedsky.com	TensynChina	CN	4579	1144	3	3264	1890	#	#
tincan.co.uk	#	#	4576	13	0	2481	4293	Analytics	#
topproducerwebsite.com	#	US	4575	3381	182	4504	3392	WebsiteBuilder	#
otracking.com	#	#	4570	4570	0	0	0	#	#
telerikstatic.com	Telerik Corp.	#	4563	4492	0	0	3324	#	#
hizliresim.com	The Hearst Corporation	US	4560	860	101	3728	188	#	#
sfgate.com	#	#	4560	64	2	4509	149	#	#
kotisivukone.fi	#	#	4548	4474	1	3208	4477	#	#
aruba.it	#	#	4534	2998	1057	1404	365	Hosting	#
goingup.com	#	GB	4517	3900	2	4168	4	Analytics	#
yandeg.ru	#	#	4506	2959	0	1631	0	#	#
netfirms.com	Endurance International Group, Inc.	US	4493	1827	91	3645	956	Hosting	#
ekmpinpoint.com	#	GB	4488	4487	0	11	0	Beacon	#
topblogs.de	#	#	4485	11	0	4475	1	#	#
yoursite.com	#	#	4481	3952	8	326	223	#	#
e2ma.net	Mrs. Hostmaster	US	4479	2227	1148	1287	1197	Widget	Emma
donnerwetter.de	#	#	4478	4347	27	118	6	Weather	#
smartgb.com	INTERNETSERVICE AB	SE	4475	207	2047	2329	46	Widget	Internet Service AB
sevenload.com	ProSiebenSat.1 Digital GmbH	DE	4473	3507	22	2058	65	#	#
imageg.net	Reply! Inc.	#	4468	1494	20	3376	160	#	#
merchantcircle.com	GSI Commerce Inc.	#	4468	172	8	4387	127	#	#
wetter24.de	NBCUniversal Media, LLC	US	4460	30	4336	2873	3	Weather	#
msnbc.com	#	#	4460	2764	145	1723	29	#	#
nucleuscms.org	#	#	4449	8	0	16	4433	#	#
easyriver.com	Priority Digitasl	US	4446	1	0	4445	17	#	#
templatehelp.com	ARTVERTEX CONSULTING	US	4445	3625	111	1032	97	#	#
myflashfetish.com	#	#	4444	209	1	4295	20	#	#
widgethost.com	#	#	4439	4438	0	1	0	Analytics	#
mapy.cz	#	#	4430	3357	69	1073	1	#	#
polyvore.com	#	#	4428	142	467	3994	47	#	#
point2homes.biz	Point2 Technologies	CA	4426	31	37	4372	2	#	#
foursquare.com	Societe des Produits Nestle S.A.	CH	4422	1301	2378	917	42	#	#
excite.co.uk	#	#	4422	1784	1791	1435	29	#	#
petfinder.com	Foursquare Labs, Inc.	US	4422	3303	2	1124	3	#	#
crunchbase.com	CrunchBase, Inc.	US	4421	606	0	3904	82	#	#
iconarchive.com	Domains By Proxy, LLC	#	4417	106	3	3830	782	ImageHoster	#
nuffnang.com.my	#	#	4404	4355	5	202	5	Advertising	#
nemui.org	Tatsuki Sugiura	JP	4401	22	0	4388	0	#	#
gtimg.com	Tencent Technology Shenzhen Limited	CN	4396	588	1	4030	54	ImageHoster	#
triggit.com	TRIGGIT	#	4389	156	1	4256	6	Beacon	G4Active
myfreecopyright.com	#	#	4386	11	0	4382	6	#	#
counter-kostenlos.net	Camo & Pfeiffer OHG	DE	4381	9	1	4376	0	Analytics	Camo & Pfeiffer
thumbtackstatic.com	Thumbtack, Inc.	US	4375	476	0	4353	4	ContentDelivery	#
coreserver.jp	#	#	4371	2734	204	3753	404	#	#
uralweb.ru	#	#	4368	3427	1	4183	1	Beacon	#
volny.cz	#	#	4359	3894	31	476	41	#	#
centerblog.net	TIGERSUN	FR	4358	272	5	4092	45	#	#
1and1.co.uk	LinkedIn Corporation	US	4339	54	11	4281	1	Hosting	#
bizographics.com	#	#	4339	4286	3	1357	0	Beacon	LinkedIn
idxco.com	#	FR	4337	2893	808	1070	465	WebsiteBuilder	#
abcompteur.com	IDX, Inc.	#	4337	4330	0	414	0	#	#
wp.pl	#	#	4336	2039	51	2388	82	#	#
audioacrobat.com	Women's Online Media and Education Network	US	4326	92	4034	1296	22	Advertising	Women's Online and Media Education
townnews.com	INN Partners, L.C.	US	4324	1379	47	3534	300	#	#
alltop.com	#	#	4323	1514	6	2987	21	#	#
vgwort.de	#	#	4313	50	0	4293	67	Beacon	#
oml.ru	#	#	4310	3092	0	2177	376	#	#
blurb.com	Wedoo	CA	4307	169	28	4129	21	#	#
wedoo.com	BLURB	US	4307	4139	6	212	3	#	#
harvard.edu	#	#	4303	1651	57	2719	97	#	#
acecounter.com	Beijing Sogou Information Service Co., Ltd.	CN	4302	2578	314	1637	69	#	#
soso.com	AmazingSoft	KR	4302	4257	1	1174	0	#	#
verticalresponse.com		US	4299	126	25	4181	19	#	#
pbase.com	PBase.com, LLC	US	4297	313	39	3978	44	#	#
zdnet.com	MIXM Affiliate Network Limited	Cyprus	4294	3991	1	1825	659	#	#
mixmarket.biz	CBS Interactive Inc.	US	4294	1249	34	3115	101	#	#
arabsh.com	#	PS	4292	122	295	4221	62	#	#
stanford.edu	#	#	4271	1288	60	2979	119	#	#
treehugger.com	MNN Holding Company, LLC	#	4269	204	14	4092	70	#	#
zone-secured.com	Investisa	FR	4268	4268	0	0	0	#	#
bbelements.com	Internet BillBoard s.r.o.	CZ	4267	4102	3	2423	3	#	#
psndealer.com	PowerSports Network	US	4263	3553	5	4254	164	#	#
made-in-china.com	FOCUS TECHNOLOGY CO., LTD.	CN	4257	170	6	4099	12	#	#
elmundo.es	#	#	4249	3682	67	590	33	#	#
vodpod.com	Lockerz	US	4238	3862	4	496	41	#	#
people.com.cn	Oracle Corporation	US	4235	2785	36	1457	44	#	#
sun.com	#	#	4235	988	137	3439	21	#	#
sopastrike.com	#	#	4234	4161	10	118	47	#	#
xbox.com	#	VG	4233	472	2687	1394	38	#	#
mag2.com	Magmag, Inc.	JP	4233	112	27	4129	20	#	#
unibet.com	Microsoft Corporation	US	4233	3595	120	1087	43	#	#
google.co.za	#	#	4230	811	3344	116	5	#	#
gulfup.com	FR Group	#	4227	125	129	4168	72	#	#
allopass.com	HI-MEDIA	FR	4226	1129	951	3595	3	#	#
hit-counter-download.com	Web Guide Partner Scandinavia AB	SE	4223	228	1	4018	0	#	#
pagesperso-orange.fr	#	#	4222	733	93	3235	336	#	#
slashdot.org	Dice Holdings, Inc.	US	4221	2785	159	1341	84	#	#
reussissonsensemble.fr	#	#	4212	1329	52	4091	6	#	#
ibm.com	International Business Machines Corporation	US	4209	1722	60	2530	177	#	#
scott-m.net	United Privacy Corp	Belize	4205	1	0	0	4204	#	#
revver.com	Limelight Networks	#	4203	3525	8	785	49	#	#
diytrade.com	Shenzhenshi Zizhuwang Ruanjian Youxiangongsi	CN	4198	2292	1004	4115	2205	#	#
x-stat.de	#	#	4193	4189	2	705	1	#	#
nbc.com	NBCUniversal Media, LLC	US	4192	648	2755	954	47	#	#
natpal.com	Yodle Inc.	#	4190	4188	0	4	0	#	#
netease.com	DNStination Inc.	US	4187	342	2	3954	109	#	#
nextstat.com	WebWorx, Inc.	#	4182	4043	0	3883	0	#	#
888.com	#	GI	4179	252	128	3911	18	#	#
terra.com.br	#	#	4175	1668	267	2786	435	#	#
ixnp.com	Idealab	#	4172	80	1	4122	50	#	#
mlstatic.com	MercadoLibre, Inc.	#	4170	95	0	4114	52	#	#
euroweb.de	#	#	4169	1081	0	3687	1698	#	#
williamhill.com	#	GI	4165	490	365	3714	74	#	#
intelliprice.com	Veretech	US	4164	88	4094	0	0	#	#
paid-surf.com	Investisa	FR	4163	4163	0	0	0	#	#
elpais.com	DIARIO EL PAIS, S.L.	ES	4157	1015	184	3106	85	#	#
mynet.cn	#	#	4144	4096	183	3362	4087	#	#
google.com.tw	#	#	4143	956	3088	277	19	#	#
carsforsale.com	#	#	4141	3380	7	4120	2	#	#
hypermart.net	CDK Global, LLC.	US	4137	3859	24	273	0	#	#
dmotorworks.com	Endurance International Group - West, Inc.	US	4137	364	37	3850	48	#	#
adcell.de	#	#	4134	424	191	3821	10	#	#
diversesolutions.com	Zillow, Inc.	#	4126	3122	1778	1733	28	#	#
urbanspoon.com	Zomato Media Private Limited	IN	4122	1099	79	3178	30	#	#
